date,temperature,humidity,rainfall,wind_speed,pressure,weather_code,current_risk,previous_rainfall,previous_wind_speed,previous_humidity,month,day_of_year,target_risk
2020-01-02,26.7,72,0.0,15.4,950.1,2,Low,0.0,15.9,68.0,1,2,Low
2020-01-03,24.7,71,0.0,13.5,949.8,2,Low,0.0,15.4,72.0,1,3,Low
2020-01-04,23.2,75,0.0,11.6,948.5,3,Low,0.0,13.5,71.0,1,4,Low
2020-01-05,24.4,69,0.0,17.0,949.2,0,Low,0.0,11.6,75.0,1,5,Low
2020-01-06,27.3,67,0.0,14.1,950.3,2,Low,0.0,17.0,69.0,1,6,Low
2020-01-07,28.4,74,0.0,15.2,948.9,2,Low,0.0,14.1,67.0,1,7,Low
2020-01-08,26.2,67,0.0,18.1,948.0,1,Low,0.0,15.2,74.0,1,8,Low
2020-01-09,24.5,63,0.0,12.7,949.0,1,Low,0.0,18.1,67.0,1,9,Low
2020-01-10,25.3,65,0.0,16.8,949.5,1,Low,0.0,12.7,63.0,1,10,Low
2020-01-11,27.3,70,0.0,13.0,950.1,0,Low,0.0,16.8,65.0,1,11,Low
2020-01-12,27.9,72,0.0,11.2,949.5,1,Low,0.0,13.0,70.0,1,12,Low
2020-01-13,27.6,76,0.0,16.4,947.3,3,Low,0.0,11.2,72.0,1,13,Low
2020-01-14,26.3,75,0.0,14.1,947.4,3,Low,0.0,16.4,76.0,1,14,Low
2020-01-15,26.0,70,0.0,17.0,947.1,1,Low,0.0,14.1,75.0,1,15,Low
2020-01-16,21.9,58,0.0,13.5,947.9,0,Low,0.0,17.0,70.0,1,16,Low
2020-01-17,22.7,57,0.0,11.3,948.4,0,Low,0.0,13.5,58.0,1,17,Low
2020-01-18,25.2,64,0.0,10.8,948.4,0,Low,0.0,11.3,57.0,1,18,Low
2020-01-19,26.8,70,0.0,10.8,949.0,0,Low,0.0,10.8,64.0,1,19,Low
2020-01-20,28.5,68,0.0,11.3,949.3,2,Low,0.0,10.8,70.0,1,20,Low
2020-01-21,28.9,65,0.0,13.4,949.6,1,Low,0.0,11.3,68.0,1,21,Low
2020-01-22,28.7,64,0.0,15.9,950.7,2,Low,0.0,13.4,65.0,1,22,Low
2020-01-23,28.9,69,0.0,12.6,950.5,2,Low,0.0,15.9,64.0,1,23,Low
2020-01-24,28.7,66,0.0,13.3,950.3,0,Low,0.0,12.6,69.0,1,24,Low
2020-01-25,29.1,65,0.0,15.0,949.7,3,Low,0.0,13.3,66.0,1,25,Low
2020-01-26,30.3,65,0.0,12.7,948.2,1,Low,0.0,15.0,65.0,1,26,Low
2020-01-27,29.1,58,0.0,20.1,946.6,0,Low,0.0,12.7,65.0,1,27,Medium
2020-01-28,24.4,70,0.2,21.5,947.0,51,Medium,0.0,20.1,58.0,1,28,Low
2020-01-29,23.5,61,0.0,10.7,949.6,3,Low,0.2,21.5,70.0,1,29,Low
2020-01-30,25.2,58,0.0,10.7,949.0,0,Low,0.0,10.7,61.0,1,30,Low
2020-01-31,27.1,59,0.0,13.5,947.2,0,Low,0.0,10.7,58.0,1,31,Low
2020-02-01,27.1,60,0.0,13.3,947.8,0,Low,0.0,13.5,59.0,2,32,Low
2020-02-02,28.9,57,0.0,16.8,949.7,3,Low,0.0,13.3,60.0,2,33,Low
2020-02-03,29.2,64,0.0,16.4,949.4,3,Low,0.0,16.8,57.0,2,34,Low
2020-02-04,28.0,57,0.0,13.8,948.3,2,Low,0.0,16.4,64.0,2,35,Low
2020-02-05,29.0,48,0.0,16.3,948.4,2,Low,0.0,13.8,57.0,2,36,Low
2020-02-06,28.6,41,0.0,16.1,947.7,3,Low,0.0,16.3,48.0,2,37,Low
2020-02-07,26.7,48,0.0,14.0,948.3,0,Low,0.0,16.1,41.0,2,38,Low
2020-02-08,26.8,56,0.0,17.4,949.9,0,Low,0.0,14.0,48.0,2,39,Low
2020-02-09,27.1,51,0.0,20.1,950.8,1,Low,0.0,17.4,56.0,2,40,Low
2020-02-10,28.2,61,0.0,16.9,950.0,2,Low,0.0,20.1,51.0,2,41,Low
2020-02-11,28.3,68,0.0,17.4,950.4,3,Low,0.0,16.9,61.0,2,42,Low
2020-02-12,29.1,62,0.0,15.0,951.8,3,Low,0.0,17.4,68.0,2,43,Low
2020-02-13,30.5,51,0.0,16.2,951.7,2,Low,0.0,15.0,62.0,2,44,Low
2020-02-14,30.3,45,0.0,16.3,949.6,1,Low,0.0,16.2,51.0,2,45,Low
2020-02-15,31.0,44,0.0,19.4,948.6,0,Low,0.0,16.3,45.0,2,46,Low
2020-02-16,31.9,45,0.0,15.7,949.5,3,Low,0.0,19.4,44.0,2,47,Low
2020-02-17,32.1,46,0.0,14.5,950.7,0,Low,0.0,15.7,45.0,2,48,Low
2020-02-18,32.6,43,0.0,13.7,950.1,0,Low,0.0,14.5,46.0,2,49,Low
2020-02-19,33.1,39,0.0,16.2,948.7,1,Low,0.0,13.7,43.0,2,50,Low
2020-02-20,32.7,42,0.0,15.1,947.9,1,Low,0.0,16.2,39.0,2,51,Low
2020-02-21,32.4,39,0.0,14.6,949.8,3,Low,0.0,15.1,42.0,2,52,Low
2020-02-22,32.4,44,0.0,16.8,951.1,3,Low,0.0,14.6,39.0,2,53,Low
2020-02-23,34.0,39,0.0,15.9,949.9,0,Low,0.0,16.8,44.0,2,54,Low
2020-02-24,33.1,39,0.0,16.1,947.7,0,Low,0.0,15.9,39.0,2,55,Low
2020-02-25,30.2,33,0.0,15.8,947.8,3,Low,0.0,16.1,39.0,2,56,Low
2020-02-26,30.9,32,0.0,19.1,948.6,3,Low,0.0,15.8,33.0,2,57,Low
2020-02-27,31.3,31,0.0,15.6,948.4,0,Low,0.0,19.1,32.0,2,58,Low
2020-02-28,32.8,35,0.0,15.3,946.6,0,Low,0.0,15.6,31.0,2,59,Low
2020-02-29,32.8,37,0.0,17.3,945.9,0,Low,0.0,15.3,35.0,2,60,Low
2020-03-01,32.0,36,0.0,16.0,946.9,1,Low,0.0,17.3,37.0,3,61,Low
2020-03-02,32.2,34,0.0,17.0,947.4,0,Low,0.0,16.0,36.0,3,62,Low
2020-03-03,30.4,46,0.0,18.4,947.3,0,Low,0.0,17.0,34.0,3,63,Low
2020-03-04,29.0,61,0.0,15.3,947.0,2,Low,0.0,18.4,46.0,3,64,Low
2020-03-05,30.0,62,0.0,19.8,945.9,2,Low,0.0,15.3,61.0,3,65,Low
2020-03-06,27.2,67,0.0,25.8,945.8,2,Low,0.0,19.8,62.0,3,66,Low
2020-03-07,28.7,61,0.0,13.5,947.8,2,Low,0.0,25.8,67.0,3,67,Low
2020-03-08,31.4,45,0.0,14.8,947.6,3,Low,0.0,13.5,61.0,3,68,Low
2020-03-09,31.8,42,0.0,15.8,946.6,1,Low,0.0,14.8,45.0,3,69,Low
2020-03-10,28.9,57,0.0,24.2,946.3,3,Low,0.0,15.8,42.0,3,70,Low
2020-03-11,28.5,62,0.0,18.8,946.9,2,Low,0.0,24.2,57.0,3,71,Low
2020-03-12,28.1,64,0.0,17.2,948.4,1,Low,0.0,18.8,62.0,3,72,Low
2020-03-13,29.4,43,0.0,18.0,948.9,2,Low,0.0,17.2,64.0,3,73,Low
2020-03-14,30.7,28,0.0,9.7,948.1,0,Low,0.0,18.0,43.0,3,74,Low
2020-03-15,32.1,29,0.0,16.6,947.7,3,Low,0.0,9.7,28.0,3,75,Low
2020-03-16,33.4,33,0.0,16.8,948.5,1,Low,0.0,16.6,29.0,3,76,Low
2020-03-17,34.7,36,0.0,20.4,948.9,3,Low,0.0,16.8,33.0,3,77,Low
2020-03-18,35.8,37,0.0,18.6,948.9,1,Low,0.0,20.4,36.0,3,78,Low
2020-03-19,34.2,27,0.0,16.9,947.9,3,Low,0.0,18.6,37.0,3,79,Low
2020-03-20,31.5,37,0.0,23.1,947.4,3,Low,0.0,16.9,27.0,3,80,Low
2020-03-21,32.0,43,0.0,15.9,947.5,0,Low,0.0,23.1,37.0,3,81,Low
2020-03-22,33.5,47,0.0,15.8,947.8,3,Low,0.0,15.9,43.0,3,82,Low
2020-03-23,35.2,40,0.0,18.2,947.3,1,Low,0.0,15.8,47.0,3,83,Low
2020-03-24,34.9,36,0.0,17.7,946.1,3,Low,0.0,18.2,40.0,3,84,Low
2020-03-25,35.1,42,0.0,14.1,945.8,2,Low,0.0,17.7,36.0,3,85,Medium
2020-03-26,32.6,62,0.8,16.6,947.0,53,Medium,0.0,14.1,42.0,3,86,Medium
2020-03-27,32.9,56,0.1,14.3,948.6,51,Medium,0.8,16.6,62.0,3,87,Low
2020-03-28,33.2,46,0.0,16.0,948.5,3,Low,0.1,14.3,56.0,3,88,Low
2020-03-29,34.9,35,0.0,13.0,946.9,2,Low,0.0,16.0,46.0,3,89,Low
2020-03-30,35.5,35,0.0,16.1,947.2,1,Low,0.0,13.0,35.0,3,90,Low
2020-03-31,36.5,32,0.0,16.0,947.8,2,Low,0.0,16.1,35.0,3,91,Low
2020-04-01,36.6,28,0.0,17.3,947.4,0,Low,0.0,16.0,32.0,4,92,Low
2020-04-02,36.9,34,0.0,20.7,946.2,1,Low,0.0,17.3,28.0,4,93,Low
2020-04-03,36.8,31,0.0,17.0,946.6,3,Low,0.0,20.7,34.0,4,94,Low
2020-04-04,37.8,28,0.0,17.2,946.9,2,Low,0.0,17.0,31.0,4,95,Low
2020-04-05,37.7,28,0.0,17.1,947.5,0,Low,0.0,17.2,28.0,4,96,Low
2020-04-06,36.0,37,0.0,15.8,947.9,3,Low,0.0,17.1,28.0,4,97,Low
2020-04-07,35.4,41,0.0,17.7,946.9,3,Low,0.0,15.8,37.0,4,98,Low
2020-04-08,33.9,40,0.0,16.6,947.9,1,Low,0.0,17.7,41.0,4,99,Low
2020-04-09,35.1,41,0.0,20.9,947.4,1,Low,0.0,16.6,40.0,4,100,Low
2020-04-10,37.0,37,0.0,20.4,947.5,3,Low,0.0,20.9,41.0,4,101,Low
2020-04-11,38.0,28,0.0,20.9,948.7,3,Low,0.0,20.4,37.0,4,102,Low
2020-04-12,39.0,24,0.0,19.1,947.9,3,Low,0.0,20.9,28.0,4,103,Low
2020-04-13,39.2,33,0.0,15.6,946.5,3,Low,0.0,19.1,24.0,4,104,Low
2020-04-14,39.2,31,0.0,19.4,946.6,3,Low,0.0,15.6,33.0,4,105,Low
2020-04-15,38.8,30,0.0,16.1,947.4,3,Low,0.0,19.4,31.0,4,106,Low
2020-04-16,38.1,42,0.0,21.3,946.6,3,Low,0.0,16.1,30.0,4,107,Low
2020-04-17,37.3,43,0.0,17.6,946.1,3,Low,0.0,21.3,42.0,4,108,Low
2020-04-18,37.7,38,0.0,17.0,946.8,3,Low,0.0,17.6,43.0,4,109,Low
2020-04-19,37.3,36,0.0,17.3,946.8,3,Low,0.0,17.0,38.0,4,110,Low
2020-04-20,37.7,33,0.0,18.7,946.2,1,Low,0.0,17.3,36.0,4,111,Low
2020-04-21,37.3,29,0.0,21.6,946.4,1,Low,0.0,18.7,33.0,4,112,Low
2020-04-22,37.3,40,0.0,18.7,945.7,1,Low,0.0,21.6,29.0,4,113,Low
2020-04-23,37.2,37,0.0,16.4,946.1,3,Low,0.0,18.7,40.0,4,114,Low
2020-04-24,37.0,44,0.0,18.7,945.1,0,Low,0.0,16.4,37.0,4,115,Low
2020-04-25,34.9,43,0.0,22.5,945.9,0,Low,0.0,18.7,44.0,4,116,Low
2020-04-26,36.4,42,0.0,25.8,946.1,1,Low,0.0,22.5,43.0,4,117,Low
2020-04-27,36.0,52,0.0,18.8,947.2,1,Low,0.0,25.8,42.0,4,118,Low
2020-04-28,37.2,44,0.0,16.8,946.6,1,Low,0.0,18.8,52.0,4,119,Low
2020-04-29,38.4,36,0.0,23.2,946.1,3,Low,0.0,16.8,44.0,4,120,Low
2020-04-30,36.5,52,0.0,17.1,947.1,2,Low,0.0,23.2,36.0,4,121,Low
2020-05-01,36.5,52,0.0,22.2,947.2,2,Low,0.0,17.1,52.0,5,122,Low
2020-05-02,37.7,46,0.0,17.9,945.9,1,Low,0.0,22.2,52.0,5,123,Low
2020-05-03,38.2,40,0.0,21.0,945.7,0,Low,0.0,17.9,46.0,5,124,Low
2020-05-04,38.1,38,0.0,19.6,946.4,1,Low,0.0,21.0,40.0,5,125,Low
2020-05-05,37.8,43,0.0,17.3,946.0,1,Low,0.0,19.6,38.0,5,126,Low
2020-05-06,38.4,37,0.0,18.8,945.1,1,Low,0.0,17.3,43.0,5,127,Low
2020-05-07,38.9,32,0.0,21.3,945.3,0,Low,0.0,18.8,37.0,5,128,Low
2020-05-08,38.4,42,0.0,19.6,945.4,0,Low,0.0,21.3,32.0,5,129,Low
2020-05-09,38.3,47,0.0,19.8,945.8,1,Low,0.0,19.6,42.0,5,130,Low
2020-05-10,38.3,40,0.0,19.1,945.5,1,Low,0.0,19.8,47.0,5,131,Low
2020-05-11,37.5,44,0.0,19.5,946.2,3,Low,0.0,19.1,40.0,5,132,Low
2020-05-12,38.6,36,0.0,19.1,945.2,0,Low,0.0,19.5,44.0,5,133,Low
2020-05-13,38.1,46,0.0,18.9,944.6,1,Low,0.0,19.1,36.0,5,134,Low
2020-05-14,38.1,53,0.0,20.3,944.4,3,Low,0.0,18.9,46.0,5,135,Low
2020-05-15,36.3,48,0.0,19.1,944.4,3,Low,0.0,20.3,53.0,5,136,Low
2020-05-16,37.0,44,0.0,18.2,944.2,3,Low,0.0,19.1,48.0,5,137,Medium
2020-05-17,37.2,47,0.1,18.4,943.7,51,Medium,0.0,18.2,44.0,5,138,Low
2020-05-18,36.6,45,0.0,19.5,942.9,3,Low,0.1,18.4,47.0,5,139,Low
2020-05-19,35.1,55,0.0,17.5,942.3,1,Low,0.0,19.5,45.0,5,140,Low
2020-05-20,36.0,56,0.0,18.4,942.2,2,Low,0.0,17.5,55.0,5,141,Low
2020-05-21,37.5,53,0.0,18.5,943.5,3,Low,0.0,18.4,56.0,5,142,Low
2020-05-22,37.3,51,0.0,18.4,944.7,1,Low,0.0,18.5,53.0,5,143,Low
2020-05-23,38.8,35,0.0,21.1,944.6,0,Low,0.0,18.4,51.0,5,144,Low
2020-05-24,39.3,46,0.0,17.4,945.2,0,Low,0.0,21.1,35.0,5,145,Low
2020-05-25,38.9,43,0.0,18.1,945.7,1,Low,0.0,17.4,46.0,5,146,Low
2020-05-26,38.0,44,0.0,20.4,945.4,1,Low,0.0,18.1,43.0,5,147,Low
2020-05-27,36.8,55,0.0,21.1,944.8,1,Low,0.0,20.4,44.0,5,148,Low
2020-05-28,36.5,59,0.0,22.5,944.0,1,Low,0.0,21.1,55.0,5,149,Low
2020-05-29,36.7,60,0.0,20.6,944.2,1,Low,0.0,22.5,59.0,5,150,Low
2020-05-30,36.0,59,0.0,19.4,944.8,1,Low,0.0,20.6,60.0,5,151,Low
2020-05-31,37.6,56,0.0,18.9,945.2,3,Low,0.0,19.4,59.0,5,152,Low
2020-06-01,33.6,61,0.0,13.4,945.7,3,Low,0.0,18.9,56.0,6,153,Medium
2020-06-02,29.3,75,3.8,15.6,943.6,53,Medium,0.0,13.4,61.0,6,154,High
2020-06-03,23.2,93,107.4,43.3,937.2,65,High,3.8,15.6,75.0,6,155,Medium
2020-06-04,27.8,85,6.5,27.9,941.0,61,Medium,107.4,43.3,93.0,6,156,Medium
2020-06-05,29.0,86,4.5,17.6,943.1,61,Medium,6.5,27.9,85.0,6,157,Medium
2020-06-06,28.6,85,1.5,24.1,942.7,53,Medium,4.5,17.6,86.0,6,158,Medium
2020-06-07,28.3,83,0.3,19.5,942.9,51,Medium,1.5,24.1,85.0,6,159,Medium
2020-06-08,28.0,84,1.0,21.3,943.1,51,Medium,0.3,19.5,83.0,6,160,Medium
2020-06-09,28.9,82,4.8,17.9,943.2,63,Medium,1.0,21.3,84.0,6,161,Medium
2020-06-10,29.8,83,10.5,18.4,942.3,63,Medium,4.8,17.9,82.0,6,162,Medium
2020-06-11,29.6,83,2.3,15.3,940.2,55,Medium,10.5,18.4,83.0,6,163,Medium
2020-06-12,29.7,84,3.6,12.0,938.5,55,Medium,2.3,15.3,83.0,6,164,High
2020-06-13,30.1,86,59.8,10.2,938.3,65,High,3.6,12.0,84.0,6,165,High
2020-06-14,28.4,90,31.1,10.7,939.9,65,High,59.8,10.2,86.0,6,166,High
2020-06-15,28.9,90,22.4,15.1,939.6,65,High,31.1,10.7,90.0,6,167,Medium
2020-06-16,28.4,88,6.3,12.7,938.7,61,Medium,22.4,15.1,90.0,6,168,Medium
2020-06-17,29.9,84,4.2,18.7,938.8,53,Medium,6.3,12.7,88.0,6,169,Medium
2020-06-18,26.6,89,3.3,26.0,940.4,55,Medium,4.2,18.7,84.0,6,170,Medium
2020-06-19,27.6,86,0.5,20.6,942.3,51,Medium,3.3,26.0,89.0,6,171,Medium
2020-06-20,28.4,83,1.1,22.2,943.1,51,Medium,0.5,20.6,86.0,6,172,Medium
2020-06-21,28.2,84,1.4,22.9,942.0,51,Medium,1.1,22.2,83.0,6,173,Medium
2020-06-22,28.6,82,0.7,20.2,940.6,51,Medium,1.4,22.9,84.0,6,174,Medium
2020-06-23,28.5,84,1.7,20.4,941.4,51,Medium,0.7,20.2,82.0,6,175,Medium
2020-06-24,29.4,83,3.4,15.6,942.2,61,Medium,1.7,20.4,84.0,6,176,Medium
2020-06-25,31.1,81,1.5,16.1,941.8,53,Medium,3.4,15.6,83.0,6,177,High
2020-06-26,31.5,87,30.3,13.2,941.5,65,High,1.5,16.1,81.0,6,178,Medium
2020-06-27,30.5,87,11.7,12.6,941.8,63,Medium,30.3,13.2,87.0,6,179,Medium
2020-06-28,30.3,83,1.5,16.7,941.7,53,Medium,11.7,12.6,87.0,6,180,Medium
2020-06-29,27.8,91,12.1,14.4,941.1,63,Medium,1.5,16.7,83.0,6,181,Medium
2020-06-30,27.5,90,8.0,9.4,940.1,63,Medium,12.1,14.4,91.0,6,182,Medium
2020-07-01,28.9,87,1.5,16.3,940.6,53,Medium,8.0,9.4,90.0,7,183,Medium
2020-07-02,28.6,85,1.2,19.1,940.1,51,Medium,1.5,16.3,87.0,7,184,High
2020-07-03,29.5,86,28.9,17.8,939.4,65,High,1.2,19.1,85.0,7,185,High
2020-07-04,28.8,89,36.6,18.1,937.4,65,High,28.9,17.8,86.0,7,186,High
2020-07-05,24.7,94,29.5,24.7,936.9,63,High,36.6,18.1,89.0,7,187,Medium
2020-07-06,25.5,91,12.7,31.3,936.1,63,Medium,29.5,24.7,94.0,7,188,Medium
2020-07-07,27.1,92,11.5,27.9,937.4,61,Medium,12.7,31.3,91.0,7,189,Medium
2020-07-08,27.7,89,4.6,25.5,940.8,55,Medium,11.5,27.9,92.0,7,190,Medium
2020-07-09,27.3,89,2.2,23.6,940.9,53,Medium,4.6,25.5,89.0,7,191,Medium
2020-07-10,27.8,87,1.0,24.1,941.1,51,Medium,2.2,23.6,89.0,7,192,Medium
2020-07-11,27.0,87,2.1,26.2,941.1,51,Medium,1.0,24.1,87.0,7,193,Medium
2020-07-12,26.9,87,2.6,23.2,941.3,53,Medium,2.1,26.2,87.0,7,194,Medium
2020-07-13,27.2,89,17.7,18.2,940.8,63,Medium,2.6,23.2,87.0,7,195,Medium
2020-07-14,27.3,90,10.2,18.4,940.4,63,Medium,17.7,18.2,89.0,7,196,Medium
2020-07-15,25.5,93,15.0,12.7,938.7,61,Medium,10.2,18.4,90.0,7,197,Medium
2020-07-16,26.0,90,2.9,23.8,936.2,53,Medium,15.0,12.7,93.0,7,198,Medium
2020-07-17,28.0,87,5.1,19.6,936.6,61,Medium,2.9,23.8,90.0,7,199,Medium
2020-07-18,28.3,86,1.1,24.7,940.0,51,Medium,5.1,19.6,87.0,7,200,Medium
2020-07-19,28.5,86,3.1,18.8,942.3,61,Medium,1.1,24.7,86.0,7,201,Medium
2020-07-20,28.8,87,1.7,18.4,940.9,51,Medium,3.1,18.8,86.0,7,202,Medium
2020-07-21,28.1,86,1.6,17.5,941.7,51,Medium,1.7,18.4,87.0,7,203,Medium
2020-07-22,28.8,88,7.4,14.6,943.0,63,Medium,1.6,17.5,86.0,7,204,Medium
2020-07-23,27.2,89,10.3,13.0,942.3,63,Medium,7.4,14.6,88.0,7,205,Medium
2020-07-24,27.2,91,14.3,14.3,942.8,63,Medium,10.3,13.0,89.0,7,206,Medium
2020-07-25,27.6,89,8.7,16.0,942.9,63,Medium,14.3,14.3,91.0,7,207,Medium
2020-07-26,29.2,89,6.6,12.6,943.9,63,Medium,8.7,16.0,89.0,7,208,Medium
2020-07-27,28.0,86,5.2,20.1,944.2,61,Medium,6.6,12.6,89.0,7,209,Medium
2020-07-28,27.6,87,5.2,17.3,943.1,63,Medium,5.2,20.1,86.0,7,210,Medium
2020-07-29,28.1,89,9.5,12.6,941.3,63,Medium,5.2,17.3,87.0,7,211,Medium
2020-07-30,28.8,88,6.2,15.9,941.0,61,Medium,9.5,12.6,89.0,7,212,Medium
2020-07-31,29.1,88,8.8,12.1,941.0,63,Medium,6.2,15.9,88.0,7,213,Medium
2020-08-01,29.9,86,1.7,10.7,940.6,51,Medium,8.8,12.1,88.0,8,214,Medium
2020-08-02,30.4,86,5.0,12.2,939.9,63,Medium,1.7,10.7,86.0,8,215,Medium
2020-08-03,26.8,91,8.0,21.1,937.5,63,Medium,5.0,12.2,86.0,8,216,Medium
2020-08-04,26.0,91,18.6,29.5,933.5,63,Medium,8.0,21.1,91.0,8,217,High
2020-08-05,25.5,93,111.7,25.4,931.4,65,High,18.6,29.5,91.0,8,218,High
2020-08-06,27.3,90,88.5,39.8,931.8,65,High,111.7,25.4,93.0,8,219,Medium
2020-08-07,26.6,90,10.5,32.4,937.8,63,Medium,88.5,39.8,90.0,8,220,Medium
2020-08-08,26.8,88,7.1,29.5,940.8,53,Medium,10.5,32.4,90.0,8,221,Medium
2020-08-09,25.6,89,3.4,25.8,940.4,51,Medium,7.1,29.5,88.0,8,222,Medium
2020-08-10,24.4,93,4.2,17.6,940.2,53,Medium,3.4,25.8,89.0,8,223,Medium
2020-08-11,25.3,92,6.3,27.0,941.4,53,Medium,4.2,17.6,93.0,8,224,High
2020-08-12,24.0,93,25.2,28.7,942.2,63,High,6.3,27.0,92.0,8,225,Medium
2020-08-13,24.7,91,13.6,30.1,940.2,55,Medium,25.2,28.7,93.0,8,226,Medium
2020-08-14,24.2,92,17.3,30.1,938.4,61,Medium,13.6,30.1,91.0,8,227,Medium
2020-08-15,25.5,92,15.8,26.3,938.3,61,Medium,17.3,30.1,92.0,8,228,Medium
2020-08-16,25.1,91,17.4,26.0,939.2,61,Medium,15.8,26.3,92.0,8,229,Medium
2020-08-17,24.3,93,16.4,25.9,939.0,61,Medium,17.4,26.0,91.0,8,230,Medium
2020-08-18,24.8,91,6.9,24.3,940.5,55,Medium,16.4,25.9,93.0,8,231,Medium
2020-08-19,25.1,92,6.9,22.2,940.1,53,Medium,6.9,24.3,91.0,8,232,Medium
2020-08-20,25.5,92,17.3,23.9,939.3,63,Medium,6.9,22.2,92.0,8,233,Medium
2020-08-21,25.5,92,13.4,23.4,940.2,63,Medium,17.3,23.9,92.0,8,234,Medium
2020-08-22,24.7,91,5.2,25.0,940.9,55,Medium,13.4,23.4,92.0,8,235,Medium
2020-08-23,24.9,90,5.6,32.0,941.2,53,Medium,5.2,25.0,91.0,8,236,Medium
2020-08-24,26.9,89,7.9,32.8,942.0,53,Medium,5.6,32.0,90.0,8,237,Medium
2020-08-25,26.7,87,3.2,28.3,944.6,53,Medium,7.9,32.8,89.0,8,238,Medium
2020-08-26,28.0,84,0.4,20.9,945.1,51,Medium,3.2,28.3,87.0,8,239,Medium
2020-08-27,25.2,88,1.4,20.1,943.9,51,Medium,0.4,20.9,84.0,8,240,Medium
2020-08-28,24.0,93,15.1,19.6,941.9,61,Medium,1.4,20.1,88.0,8,241,Medium
2020-08-29,24.6,92,16.7,25.9,941.2,61,Medium,15.1,19.6,93.0,8,242,Medium
2020-08-30,24.0,93,16.4,27.8,941.3,63,Medium,16.7,25.9,92.0,8,243,Medium
2020-08-31,26.0,89,4.5,27.2,943.5,53,Medium,16.4,27.8,93.0,8,244,Medium
2020-09-01,27.6,85,2.8,16.4,945.3,53,Medium,4.5,27.2,89.0,9,245,Medium
2020-09-02,29.4,81,0.5,11.2,945.2,51,Medium,2.8,16.4,85.0,9,246,Medium
2020-09-03,28.7,87,2.0,10.1,944.5,53,Medium,0.5,11.2,81.0,9,247,Medium
2020-09-04,30.4,85,5.6,12.4,944.2,61,Medium,2.0,10.1,87.0,9,248,Medium
2020-09-05,30.4,87,8.6,13.2,943.7,63,Medium,5.6,12.4,85.0,9,249,High
2020-09-06,28.9,90,21.6,12.5,942.9,65,High,8.6,13.2,87.0,9,250,Medium
2020-09-07,29.6,88,4.8,14.9,943.8,61,Medium,21.6,12.5,90.0,9,251,Medium
2020-09-08,29.0,88,3.9,12.6,944.2,61,Medium,4.8,14.9,88.0,9,252,Medium
2020-09-09,29.3,88,10.2,10.6,943.0,63,Medium,3.9,12.6,88.0,9,253,Medium
2020-09-10,29.8,89,13.5,10.1,941.3,65,Medium,10.2,10.6,88.0,9,254,High
2020-09-11,27.3,92,26.3,8.9,940.8,63,High,13.5,10.1,89.0,9,255,Medium
2020-09-12,28.5,88,6.1,17.1,941.8,63,Medium,26.3,8.9,92.0,9,256,Medium
2020-09-13,27.1,87,1.1,21.7,943.2,51,Medium,6.1,17.1,88.0,9,257,Medium
2020-09-14,27.9,87,9.9,14.4,943.1,63,Medium,1.1,21.7,87.0,9,258,Medium
2020-09-15,27.8,88,7.6,10.2,942.9,63,Medium,9.9,14.4,87.0,9,259,Medium
2020-09-16,27.3,91,6.8,13.2,943.2,61,Medium,7.6,10.2,88.0,9,260,Medium
2020-09-17,27.3,89,11.6,15.6,943.4,63,Medium,6.8,13.2,91.0,9,261,Medium
2020-09-18,27.4,89,10.7,12.7,942.7,63,Medium,11.6,15.6,89.0,9,262,Medium
2020-09-19,28.1,89,9.0,17.1,940.8,63,Medium,10.7,12.7,89.0,9,263,Medium
2020-09-20,28.5,91,10.8,8.7,939.1,63,Medium,9.0,17.1,89.0,9,264,Medium
2020-09-21,28.3,91,12.4,10.6,937.9,63,Medium,10.8,8.7,91.0,9,265,High
2020-09-22,28.8,92,20.3,13.4,938.0,65,High,12.4,10.6,91.0,9,266,High
2020-09-23,24.8,95,126.2,14.3,939.8,65,High,20.3,13.4,92.0,9,267,Medium
2020-09-24,29.1,88,8.7,13.2,943.6,63,Medium,126.2,14.3,95.0,9,268,High
2020-09-25,26.6,91,32.9,15.2,944.1,65,High,8.7,13.2,88.0,9,269,Medium
2020-09-26,27.4,81,0.3,18.9,943.7,51,Medium,32.9,15.2,91.0,9,270,Medium
2020-09-27,27.1,82,1.1,13.6,945.0,51,Medium,0.3,18.9,81.0,9,271,Medium
2020-09-28,27.7,84,0.4,13.7,945.6,51,Medium,1.1,13.6,82.0,9,272,Medium
2020-09-29,28.2,81,0.6,10.7,945.0,51,Medium,0.4,13.7,84.0,9,273,Medium
2020-09-30,28.0,84,1.1,12.7,944.2,53,Medium,0.6,10.7,81.0,9,274,Medium
2020-10-01,28.5,83,0.4,12.9,944.8,51,Medium,1.1,12.7,84.0,10,275,Medium
2020-10-02,29.1,85,1.4,16.3,944.8,53,Medium,0.4,12.9,83.0,10,276,Medium
2020-10-03,29.8,84,0.6,11.8,945.0,51,Medium,1.4,16.3,85.0,10,277,Medium
2020-10-04,29.5,83,0.2,15.0,946.1,51,Medium,0.6,11.8,84.0,10,278,Low
2020-10-05,29.1,79,0.0,14.1,945.8,3,Low,0.2,15.0,83.0,10,279,Low
2020-10-06,30.1,76,0.0,11.5,945.1,3,Low,0.0,14.1,79.0,10,280,Low
2020-10-07,30.7,72,0.0,13.8,945.9,3,Low,0.0,11.5,76.0,10,281,Low
2020-10-08,30.5,67,0.0,7.7,945.4,3,Low,0.0,13.8,72.0,10,282,Medium
2020-10-09,30.2,75,2.1,12.1,945.2,53,Medium,0.0,7.7,67.0,10,283,Medium
2020-10-10,30.5,83,5.4,15.7,944.6,63,Medium,2.1,12.1,75.0,10,284,Medium
2020-10-11,30.3,76,2.8,8.6,943.0,53,Medium,5.4,15.7,83.0,10,285,Medium
2020-10-12,30.6,76,0.5,13.8,941.0,51,Medium,2.8,8.6,76.0,10,286,Medium
2020-10-13,30.8,77,2.4,12.4,940.6,61,Medium,0.5,13.8,76.0,10,287,Medium
2020-10-14,30.2,79,3.6,13.0,940.8,61,Medium,2.4,12.4,77.0,10,288,Medium
2020-10-15,28.1,84,6.1,23.7,939.4,61,Medium,3.6,13.0,79.0,10,289,Medium
2020-10-16,28.6,81,1.7,26.2,939.9,53,Medium,6.1,23.7,84.0,10,290,Medium
2020-10-17,29.5,81,1.3,9.4,942.5,53,Medium,1.7,26.2,81.0,10,291,Medium
2020-10-18,28.5,88,13.2,13.2,944.4,65,Medium,1.3,9.4,81.0,10,292,Medium
2020-10-19,29.0,90,4.5,10.3,944.8,61,Medium,13.2,13.2,88.0,10,293,Medium
2020-10-20,29.5,87,1.5,10.0,944.4,53,Medium,4.5,10.3,90.0,10,294,Medium
2020-10-21,29.4,89,7.0,10.9,944.8,63,Medium,1.5,10.0,87.0,10,295,Medium
2020-10-22,28.8,89,4.5,10.3,943.9,55,Medium,7.0,10.9,89.0,10,296,Medium
2020-10-23,28.9,85,1.5,8.1,943.9,53,Medium,4.5,10.3,89.0,10,297,Low
2020-10-24,29.7,71,0.0,8.0,945.2,3,Low,1.5,8.1,85.0,10,298,Low
2020-10-25,28.3,71,0.0,10.4,947.0,2,Low,0.0,8.0,71.0,10,299,Low
2020-10-26,29.3,69,0.0,10.5,948.2,0,Low,0.0,10.4,71.0,10,300,Low
2020-10-27,29.3,60,0.0,7.9,947.5,2,Low,0.0,10.5,69.0,10,301,Low
2020-10-28,29.2,58,0.0,8.9,947.8,1,Low,0.0,7.9,60.0,10,302,Low
2020-10-29,29.5,59,0.0,9.0,948.1,3,Low,0.0,8.9,58.0,10,303,Low
2020-10-30,29.3,59,0.0,9.5,947.9,3,Low,0.0,9.0,59.0,10,304,Low
2020-10-31,29.1,56,0.0,9.4,947.9,2,Low,0.0,9.5,59.0,10,305,Medium
2020-11-01,29.0,64,0.4,8.0,948.6,51,Medium,0.0,9.4,56.0,11,306,Medium
2020-11-02,29.2,64,0.3,12.6,949.7,51,Medium,0.4,8.0,64.0,11,307,Low
2020-11-03,29.9,58,0.0,12.0,949.6,2,Low,0.3,12.6,64.0,11,308,Low
2020-11-04,30.0,55,0.0,9.4,949.1,3,Low,0.0,12.0,58.0,11,309,Low
2020-11-05,29.4,53,0.0,9.3,949.3,0,Low,0.0,9.4,55.0,11,310,Low
2020-11-06,29.0,53,0.0,13.7,950.8,0,Low,0.0,9.3,53.0,11,311,Low
2020-11-07,29.3,51,0.0,13.0,951.2,0,Low,0.0,13.7,53.0,11,312,Low
2020-11-08,29.2,53,0.0,14.4,951.4,0,Low,0.0,13.0,51.0,11,313,Low
2020-11-09,28.5,50,0.0,10.9,950.3,0,Low,0.0,14.4,53.0,11,314,Low
2020-11-10,28.0,49,0.0,16.5,948.2,0,Low,0.0,10.9,50.0,11,315,Low
2020-11-11,27.5,52,0.0,17.9,948.7,0,Low,0.0,16.5,49.0,11,316,Low
2020-11-12,28.2,51,0.0,13.8,949.6,0,Low,0.0,17.9,52.0,11,317,Low
2020-11-13,30.3,67,0.0,15.8,949.1,1,Low,0.0,13.8,51.0,11,318,Medium
2020-11-14,30.7,67,0.1,14.5,948.0,51,Medium,0.0,15.8,67.0,11,319,Low
2020-11-15,30.4,65,0.0,10.0,947.9,3,Low,0.1,14.5,67.0,11,320,Low
2020-11-16,30.9,62,0.0,11.0,948.4,2,Low,0.0,10.0,65.0,11,321,Low
2020-11-17,30.7,63,0.0,11.2,947.6,3,Low,0.0,11.0,62.0,11,322,Low
2020-11-18,29.8,65,0.0,11.7,947.0,3,Low,0.0,11.2,63.0,11,323,Medium
2020-11-19,29.0,72,1.9,13.4,947.4,53,Medium,0.0,11.7,65.0,11,324,Medium
2020-11-20,29.6,66,0.9,10.5,948.4,51,Medium,1.9,13.4,72.0,11,325,Low
2020-11-21,30.0,63,0.0,8.7,948.7,2,Low,0.9,10.5,66.0,11,326,Low
2020-11-22,30.3,66,0.0,13.9,949.4,3,Low,0.0,8.7,63.0,11,327,Low
2020-11-23,29.9,59,0.0,15.3,949.4,3,Low,0.0,13.9,66.0,11,328,Low
2020-11-24,28.8,62,0.0,11.9,948.5,3,Low,0.0,15.3,59.0,11,329,Low
2020-11-25,28.3,59,0.0,13.2,948.0,3,Low,0.0,11.9,62.0,11,330,Low
2020-11-26,28.4,54,0.0,13.3,948.3,0,Low,0.0,13.2,59.0,11,331,Low
2020-11-27,27.2,54,0.0,23.9,950.4,0,Low,0.0,13.3,54.0,11,332,Low
2020-11-28,27.9,58,0.0,25.5,950.5,3,Low,0.0,23.9,54.0,11,333,Low
2020-11-29,29.4,63,0.0,16.1,950.2,1,Low,0.0,25.5,58.0,11,334,Medium
2020-11-30,29.8,70,0.2,8.6,950.1,51,Medium,0.0,16.1,63.0,11,335,Low
2020-12-01,29.8,67,0.0,11.1,950.3,2,Low,0.2,8.6,70.0,12,336,Low
2020-12-02,29.3,62,0.0,11.5,949.4,2,Low,0.0,11.1,67.0,12,337,Low
2020-12-03,29.3,60,0.0,11.5,948.4,2,Low,0.0,11.5,62.0,12,338,Low
2020-12-04,28.8,56,0.0,13.7,947.5,3,Low,0.0,11.5,60.0,12,339,Low
2020-12-05,28.7,50,0.0,11.9,947.9,1,Low,0.0,13.7,56.0,12,340,Low
2020-12-06,28.2,49,0.0,16.7,949.0,2,Low,0.0,11.9,50.0,12,341,Low
2020-12-07,28.4,55,0.0,14.3,950.5,3,Low,0.0,16.7,49.0,12,342,Low
2020-12-08,29.3,58,0.0,13.2,950.3,3,Low,0.0,14.3,55.0,12,343,Low
2020-12-09,29.1,57,0.0,10.5,949.1,3,Low,0.0,13.2,58.0,12,344,Low
2020-12-10,29.2,56,0.0,9.8,948.3,3,Low,0.0,10.5,57.0,12,345,Medium
2020-12-11,26.9,77,0.5,12.5,948.6,51,Medium,0.0,9.8,56.0,12,346,Medium
2020-12-12,25.4,82,0.5,14.6,948.4,51,Medium,0.5,12.5,77.0,12,347,Medium
2020-12-13,25.6,82,0.3,7.6,947.4,51,Medium,0.5,14.6,82.0,12,348,Medium
2020-12-14,23.6,88,5.9,8.5,947.3,61,Medium,0.3,7.6,82.0,12,349,Medium
2020-12-15,27.0,82,0.1,12.2,948.8,51,Medium,5.9,8.5,88.0,12,350,Low
2020-12-16,27.1,81,0.0,11.4,950.2,3,Low,0.1,12.2,82.0,12,351,Low
2020-12-17,26.8,77,0.0,11.9,950.7,3,Low,0.0,11.4,81.0,12,352,Low
2020-12-18,27.0,76,0.0,12.3,950.3,3,Low,0.0,11.9,77.0,12,353,Low
2020-12-19,26.7,73,0.0,13.1,950.8,2,Low,0.0,12.3,76.0,12,354,Low
2020-12-20,26.4,65,0.0,15.6,951.2,3,Low,0.0,13.1,73.0,12,355,Low
2020-12-21,25.8,56,0.0,13.3,949.7,2,Low,0.0,15.6,65.0,12,356,Low
2020-12-22,26.3,49,0.0,11.4,948.2,3,Low,0.0,13.3,56.0,12,357,Low
2020-12-23,26.4,52,0.0,9.2,946.8,3,Low,0.0,11.4,49.0,12,358,Low
2020-12-24,27.1,57,0.0,11.5,946.2,0,Low,0.0,9.2,52.0,12,359,Low
2020-12-25,27.6,59,0.0,15.0,947.6,0,Low,0.0,11.5,57.0,12,360,Low
2020-12-26,28.7,60,0.0,9.3,948.5,2,Low,0.0,15.0,59.0,12,361,Low
2020-12-27,29.2,67,0.0,14.7,948.1,3,Low,0.0,9.3,60.0,12,362,Low
2020-12-28,27.6,64,0.0,17.3,947.5,0,Low,0.0,14.7,67.0,12,363,Low
2020-12-29,27.3,66,0.0,12.2,947.1,0,Low,0.0,17.3,64.0,12,364,Low
2020-12-30,27.5,68,0.0,10.8,947.5,0,Low,0.0,12.2,66.0,12,365,Low
2020-12-31,28.1,71,0.0,14.7,948.1,1,Low,0.0,10.8,68.0,12,366,Low
2021-01-01,28.4,70,0.0,11.7,948.1,3,Low,0.0,14.7,71.0,1,1,Medium
2021-01-02,28.1,77,0.6,8.4,948.2,51,Medium,0.0,11.7,70.0,1,2,Low
2021-01-03,28.3,73,0.0,15.7,946.6,3,Low,0.6,8.4,77.0,1,3,Medium
2021-01-04,26.4,77,1.4,13.5,946.6,51,Medium,0.0,15.7,73.0,1,4,Medium
2021-01-05,26.0,82,1.1,13.9,947.8,51,Medium,1.4,13.5,77.0,1,5,Medium
2021-01-06,26.9,79,0.5,10.7,947.6,51,Medium,1.1,13.9,82.0,1,6,Medium
2021-01-07,26.7,83,2.1,14.3,946.3,53,Medium,0.5,10.7,79.0,1,7,Medium
2021-01-08,26.4,86,5.3,9.1,945.5,55,Medium,2.1,14.3,83.0,1,8,Medium
2021-01-09,27.1,84,0.9,11.2,946.3,51,Medium,5.3,9.1,86.0,1,9,Medium
2021-01-10,28.7,83,1.0,13.0,947.3,53,Medium,0.9,11.2,84.0,1,10,Low
2021-01-11,28.9,75,0.0,11.2,948.4,2,Low,1.0,13.0,83.0,1,11,Low
2021-01-12,29.3,71,0.0,11.5,949.1,3,Low,0.0,11.2,75.0,1,12,Low
2021-01-13,28.7,68,0.0,11.1,948.3,2,Low,0.0,11.5,71.0,1,13,Low
2021-01-14,29.4,65,0.0,16.1,947.1,2,Low,0.0,11.1,68.0,1,14,Low
2021-01-15,29.3,68,0.0,14.3,946.1,3,Low,0.0,16.1,65.0,1,15,Low
2021-01-16,29.6,68,0.0,12.9,945.2,1,Low,0.0,14.3,68.0,1,16,Low
2021-01-17,30.0,69,0.0,9.4,945.8,3,Low,0.0,12.9,68.0,1,17,Low
2021-01-18,30.1,60,0.0,13.6,947.5,3,Low,0.0,9.4,69.0,1,18,Low
2021-01-19,30.3,58,0.0,13.8,947.7,1,Low,0.0,13.6,60.0,1,19,Low
2021-01-20,29.8,56,0.0,12.5,948.1,0,Low,0.0,13.8,58.0,1,20,Low
2021-01-21,29.4,62,0.0,11.9,947.6,0,Low,0.0,12.5,56.0,1,21,Low
2021-01-22,29.3,66,0.0,10.3,947.5,0,Low,0.0,11.9,62.0,1,22,Low
2021-01-23,30.6,62,0.0,13.3,947.5,0,Low,0.0,10.3,66.0,1,23,Low
2021-01-24,29.8,60,0.0,13.6,948.2,0,Low,0.0,13.3,62.0,1,24,Low
2021-01-25,30.0,58,0.0,13.6,948.5,0,Low,0.0,13.6,60.0,1,25,Low
2021-01-26,29.4,58,0.0,15.1,948.0,2,Low,0.0,13.6,58.0,1,26,Low
2021-01-27,29.0,64,0.0,11.6,947.9,3,Low,0.0,15.1,58.0,1,27,Low
2021-01-28,29.4,61,0.0,14.4,948.1,1,Low,0.0,11.6,64.0,1,28,Low
2021-01-29,27.5,63,0.0,12.6,949.1,0,Low,0.0,14.4,61.0,1,29,Low
2021-01-30,27.6,55,0.0,11.9,949.1,0,Low,0.0,12.6,63.0,1,30,Low
2021-01-31,28.0,57,0.0,11.3,949.3,1,Low,0.0,11.9,55.0,1,31,Low
2021-02-01,28.5,56,0.0,12.9,951.2,1,Low,0.0,11.3,57.0,2,32,Low
2021-02-02,28.9,49,0.0,11.5,951.3,0,Low,0.0,12.9,56.0,2,33,Low
2021-02-03,28.5,44,0.0,13.5,949.8,2,Low,0.0,11.5,49.0,2,34,Low
2021-02-04,28.4,50,0.0,17.8,949.3,1,Low,0.0,13.5,44.0,2,35,Low
2021-02-05,27.7,52,0.0,14.6,949.0,1,Low,0.0,17.8,50.0,2,36,Low
2021-02-06,26.8,52,0.0,15.6,949.2,3,Low,0.0,14.6,52.0,2,37,Low
2021-02-07,27.2,48,0.0,14.5,950.2,0,Low,0.0,15.6,52.0,2,38,Low
2021-02-08,28.2,42,0.0,14.2,950.2,0,Low,0.0,14.5,48.0,2,39,Low
2021-02-09,29.0,42,0.0,11.4,948.9,0,Low,0.0,14.2,42.0,2,40,Low
2021-02-10,29.8,44,0.0,14.9,947.6,3,Low,0.0,11.4,42.0,2,41,Low
2021-02-11,29.8,46,0.0,9.4,946.8,3,Low,0.0,14.9,44.0,2,42,Low
2021-02-12,30.5,45,0.0,17.5,947.2,3,Low,0.0,9.4,46.0,2,43,Low
2021-02-13,30.6,46,0.0,18.6,948.4,2,Low,0.0,17.5,45.0,2,44,Low
2021-02-14,30.4,44,0.0,16.1,948.7,3,Low,0.0,18.6,46.0,2,45,Low
2021-02-15,29.8,50,0.0,13.5,947.7,2,Low,0.0,16.1,44.0,2,46,Low
2021-02-16,29.5,53,0.0,13.5,947.2,1,Low,0.0,13.5,50.0,2,47,Low
2021-02-17,28.5,54,0.0,10.4,947.3,1,Low,0.0,13.5,53.0,2,48,Medium
2021-02-18,29.4,58,1.5,15.7,948.7,55,Medium,0.0,10.4,54.0,2,49,Medium
2021-02-19,26.4,59,0.1,20.5,950.5,51,Medium,1.5,15.7,58.0,2,50,Low
2021-02-20,27.6,55,0.0,21.2,950.3,1,Low,0.1,20.5,59.0,2,51,Low
2021-02-21,28.7,50,0.0,20.3,950.2,0,Low,0.0,21.2,55.0,2,52,Low
2021-02-22,29.9,56,0.0,14.7,950.3,0,Low,0.0,20.3,50.0,2,53,Low
2021-02-23,30.8,46,0.0,9.1,949.0,0,Low,0.0,14.7,56.0,2,54,Low
2021-02-24,31.4,46,0.0,11.9,947.8,0,Low,0.0,9.1,46.0,2,55,Low
2021-02-25,32.1,47,0.0,13.5,948.1,1,Low,0.0,11.9,46.0,2,56,Low
2021-02-26,31.7,44,0.0,15.1,947.0,2,Low,0.0,13.5,47.0,2,57,Low
2021-02-27,31.9,43,0.0,13.8,946.4,1,Low,0.0,15.1,44.0,2,58,Low
2021-02-28,32.9,46,0.0,14.5,946.7,3,Low,0.0,13.8,43.0,2,59,Low
2021-03-01,33.1,43,0.0,12.7,949.2,2,Low,0.0,14.5,46.0,3,60,Low
2021-03-02,33.1,43,0.0,15.3,949.7,0,Low,0.0,12.7,43.0,3,61,Low
2021-03-03,33.1,36,0.0,11.5,948.4,0,Low,0.0,15.3,43.0,3,62,Low
2021-03-04,33.0,34,0.0,14.7,948.2,0,Low,0.0,11.5,36.0,3,63,Low
2021-03-05,33.4,33,0.0,13.6,948.9,0,Low,0.0,14.7,34.0,3,64,Low
2021-03-06,33.6,35,0.0,13.0,949.1,0,Low,0.0,13.6,33.0,3,65,Low
2021-03-07,33.1,33,0.0,16.3,948.3,0,Low,0.0,13.0,35.0,3,66,Low
2021-03-08,33.4,33,0.0,13.2,948.1,0,Low,0.0,16.3,33.0,3,67,Low
2021-03-09,33.5,37,0.0,14.3,948.5,2,Low,0.0,13.2,33.0,3,68,Low
2021-03-10,33.6,37,0.0,16.8,948.3,1,Low,0.0,14.3,37.0,3,69,Low
2021-03-11,32.5,41,0.0,18.1,948.1,2,Low,0.0,16.8,37.0,3,70,Low
2021-03-12,33.5,34,0.0,18.2,949.2,1,Low,0.0,18.1,41.0,3,71,Low
2021-03-13,33.3,37,0.0,17.0,949.7,0,Low,0.0,18.2,34.0,3,72,Low
2021-03-14,33.8,33,0.0,13.5,947.7,2,Low,0.0,17.0,37.0,3,73,Low
2021-03-15,33.8,37,0.0,16.6,947.0,3,Low,0.0,13.5,33.0,3,74,Low
2021-03-16,34.3,31,0.0,15.6,947.2,2,Low,0.0,16.6,37.0,3,75,Low
2021-03-17,34.4,30,0.0,18.0,946.3,3,Low,0.0,15.6,31.0,3,76,Low
2021-03-18,34.6,30,0.0,16.9,946.3,3,Low,0.0,18.0,30.0,3,77,Low
2021-03-19,33.3,33,0.0,14.8,946.7,1,Low,0.0,16.9,30.0,3,78,Low
2021-03-20,33.8,37,0.0,15.3,945.5,2,Low,0.0,14.8,33.0,3,79,Low
2021-03-21,34.0,45,0.0,14.5,945.2,1,Low,0.0,15.3,37.0,3,80,Low
2021-03-22,33.6,40,0.0,9.0,947.3,1,Low,0.0,14.5,45.0,3,81,Low
2021-03-23,33.6,45,0.0,18.0,948.4,1,Low,0.0,9.0,40.0,3,82,Low
2021-03-24,34.0,41,0.0,10.2,948.6,2,Low,0.0,18.0,45.0,3,83,Low
2021-03-25,34.9,28,0.0,14.6,947.8,0,Low,0.0,10.2,41.0,3,84,Low
2021-03-26,35.6,22,0.0,17.2,947.2,0,Low,0.0,14.6,28.0,3,85,Low
2021-03-27,36.2,20,0.0,16.3,946.5,0,Low,0.0,17.2,22.0,3,86,Low
2021-03-28,37.0,23,0.0,18.1,945.6,2,Low,0.0,16.3,20.0,3,87,Low
2021-03-29,37.7,28,0.0,20.1,945.1,3,Low,0.0,18.1,23.0,3,88,Low
2021-03-30,35.5,27,0.0,22.5,944.8,0,Low,0.0,20.1,28.0,3,89,Low
2021-03-31,35.9,35,0.0,17.1,943.8,0,Low,0.0,22.5,27.0,3,90,Low
2021-04-01,35.3,42,0.0,16.1,943.4,0,Low,0.0,17.1,35.0,4,91,Low
2021-04-02,35.2,52,0.0,16.5,943.8,2,Low,0.0,16.1,42.0,4,92,Low
2021-04-03,36.0,58,0.0,19.4,944.6,2,Low,0.0,16.5,52.0,4,93,Low
2021-04-04,36.2,54,0.0,22.3,946.8,0,Low,0.0,19.4,58.0,4,94,Low
2021-04-05,37.1,48,0.0,20.7,946.9,0,Low,0.0,22.3,54.0,4,95,Low
2021-04-06,37.9,32,0.0,18.8,946.6,1,Low,0.0,20.7,48.0,4,96,Low
2021-04-07,37.7,28,0.0,17.3,947.0,0,Low,0.0,18.8,32.0,4,97,Low
2021-04-08,36.7,32,0.0,19.3,945.5,3,Low,0.0,17.3,28.0,4,98,Low
2021-04-09,36.7,41,0.0,18.2,945.3,2,Low,0.0,19.3,32.0,4,99,Low
2021-04-10,37.5,29,0.0,17.7,946.3,3,Low,0.0,18.2,41.0,4,100,Low
2021-04-11,36.4,37,0.0,15.0,947.8,2,Low,0.0,17.7,29.0,4,101,Low
2021-04-12,36.4,34,0.0,17.8,948.6,3,Low,0.0,15.0,37.0,4,102,Low
2021-04-13,35.6,30,0.0,17.2,947.9,3,Low,0.0,17.8,34.0,4,103,Medium
2021-04-14,34.0,35,0.1,18.3,947.6,51,Medium,0.0,17.2,30.0,4,104,Low
2021-04-15,35.5,33,0.0,25.1,946.8,3,Low,0.1,18.3,35.0,4,105,Low
2021-04-16,36.0,31,0.0,19.5,946.6,3,Low,0.0,25.1,33.0,4,106,Low
2021-04-17,35.9,35,0.0,19.6,947.4,3,Low,0.0,19.5,31.0,4,107,Low
2021-04-18,37.0,33,0.0,16.3,947.9,2,Low,0.0,19.6,35.0,4,108,Low
2021-04-19,36.1,35,0.0,17.2,946.4,3,Low,0.0,16.3,33.0,4,109,Low
2021-04-20,35.0,41,0.0,17.7,945.6,3,Low,0.0,17.2,35.0,4,110,Low
2021-04-21,34.2,48,0.0,16.8,946.8,3,Low,0.0,17.7,41.0,4,111,Low
2021-04-22,36.3,40,0.0,15.2,947.1,3,Low,0.0,16.8,48.0,4,112,Low
2021-04-23,36.0,31,0.0,17.6,946.9,3,Low,0.0,15.2,40.0,4,113,Low
2021-04-24,37.0,37,0.0,19.0,946.3,3,Low,0.0,17.6,31.0,4,114,Low
2021-04-25,37.9,32,0.0,24.4,945.9,3,Low,0.0,19.0,37.0,4,115,Low
2021-04-26,36.2,31,0.0,16.1,945.6,2,Low,0.0,24.4,32.0,4,116,Low
2021-04-27,36.7,41,0.0,17.3,946.3,3,Low,0.0,16.1,31.0,4,117,Low
2021-04-28,36.2,39,0.0,18.9,947.2,3,Low,0.0,17.3,41.0,4,118,Medium
2021-04-29,38.1,44,1.0,23.7,946.8,53,Medium,0.0,18.9,39.0,4,119,Medium
2021-04-30,37.2,48,0.7,26.9,945.9,51,Medium,1.0,23.7,44.0,4,120,Medium
2021-05-01,33.3,47,0.7,18.1,945.5,53,Medium,0.7,26.9,48.0,5,121,Low
2021-05-02,34.8,45,0.0,14.0,945.9,3,Low,0.7,18.1,47.0,5,122,Low
2021-05-03,35.6,49,0.0,13.0,945.4,2,Low,0.0,14.0,45.0,5,123,Low
2021-05-04,36.4,43,0.0,18.4,945.0,2,Low,0.0,13.0,49.0,5,124,Low
2021-05-05,35.8,37,0.0,14.4,945.0,1,Low,0.0,18.4,43.0,5,125,Low
2021-05-06,35.8,39,0.0,14.7,945.3,2,Low,0.0,14.4,37.0,5,126,Low
2021-05-07,37.6,45,0.0,20.3,946.2,1,Low,0.0,14.7,39.0,5,127,Low
2021-05-08,37.6,40,0.0,14.8,945.3,3,Low,0.0,20.3,45.0,5,128,Low
2021-05-09,36.1,52,0.0,15.5,944.4,1,Low,0.0,14.8,40.0,5,129,Low
2021-05-10,37.4,48,0.0,18.0,944.1,1,Low,0.0,15.5,52.0,5,130,Low
2021-05-11,35.8,49,0.0,19.1,944.4,3,Low,0.0,18.0,48.0,5,131,Low
2021-05-12,36.3,57,0.0,19.8,943.0,2,Low,0.0,19.1,49.0,5,132,Low
2021-05-13,35.1,58,0.0,15.8,942.4,3,Low,0.0,19.8,57.0,5,133,Low
2021-05-14,37.5,50,0.0,21.3,941.1,3,Low,0.0,15.8,58.0,5,134,Medium
2021-05-15,37.7,42,0.1,24.4,939.7,51,Medium,0.0,21.3,50.0,5,135,Medium
2021-05-16,33.4,60,4.6,28.5,938.8,61,Medium,0.1,24.4,42.0,5,136,Medium
2021-05-17,28.8,76,17.6,39.7,937.4,63,Medium,4.6,28.5,60.0,5,137,Medium
2021-05-18,27.9,82,10.9,35.9,939.2,63,Medium,17.6,39.7,76.0,5,138,Medium
2021-05-19,28.4,82,14.5,28.2,940.9,63,Medium,10.9,35.9,82.0,5,139,Medium
2021-05-20,30.9,73,0.2,18.6,943.5,51,Medium,14.5,28.2,82.0,5,140,Low
2021-05-21,33.6,68,0.0,15.2,944.3,2,Low,0.2,18.6,73.0,5,141,Medium
2021-05-22,31.8,72,0.1,14.6,943.9,51,Medium,0.0,15.2,68.0,5,142,Medium
2021-05-23,31.5,72,0.1,15.9,944.9,51,Medium,0.1,14.6,72.0,5,143,Low
2021-05-24,32.9,69,0.0,20.5,945.6,3,Low,0.1,15.9,72.0,5,144,Low
2021-05-25,33.3,68,0.0,19.3,943.8,3,Low,0.0,20.5,69.0,5,145,Low
2021-05-26,34.1,65,0.0,22.7,942.5,3,Low,0.0,19.3,68.0,5,146,Medium
2021-05-27,31.7,72,0.4,22.9,942.7,51,Medium,0.0,22.7,65.0,5,147,Medium
2021-05-28,33.1,73,0.9,21.1,943.4,53,Medium,0.4,22.9,72.0,5,148,Medium
2021-05-29,35.0,71,0.5,18.8,944.4,51,Medium,0.9,21.1,73.0,5,149,Medium
2021-05-30,34.2,76,5.8,16.2,944.5,63,Medium,0.5,18.8,71.0,5,150,Medium
2021-05-31,33.6,74,0.8,16.3,942.6,51,Medium,5.8,16.2,76.0,5,151,Medium
2021-06-01,34.0,76,2.6,15.4,942.9,61,Medium,0.8,16.3,74.0,6,152,Medium
2021-06-02,33.0,76,7.3,11.1,943.7,63,Medium,2.6,15.4,76.0,6,153,Medium
2021-06-03,35.2,73,1.1,19.6,944.5,53,Medium,7.3,11.1,76.0,6,154,Medium
2021-06-04,32.2,75,1.1,13.3,945.1,53,Medium,1.1,19.6,73.0,6,155,Medium
2021-06-05,28.6,80,2.3,10.8,944.2,55,Medium,1.1,13.3,75.0,6,156,Medium
2021-06-06,30.9,77,2.3,12.4,944.2,55,Medium,2.3,10.8,80.0,6,157,Medium
2021-06-07,29.9,80,3.0,19.4,944.4,61,Medium,2.3,12.4,77.0,6,158,Medium
2021-06-08,29.0,81,3.5,19.3,943.3,53,Medium,3.0,19.4,80.0,6,159,Medium
2021-06-09,28.3,84,2.8,23.9,942.1,55,Medium,3.5,19.3,81.0,6,160,Medium
2021-06-10,27.2,88,17.4,23.1,941.3,63,Medium,2.8,23.9,84.0,6,161,Medium
2021-06-11,28.5,84,2.5,29.2,940.6,51,Medium,17.4,23.1,88.0,6,162,Medium
2021-06-12,30.8,81,2.1,21.4,940.5,53,Medium,2.5,29.2,84.0,6,163,Medium
2021-06-13,30.2,80,1.9,21.4,940.5,53,Medium,2.1,21.4,81.0,6,164,Medium
2021-06-14,30.6,78,1.2,21.8,939.5,51,Medium,1.9,21.4,80.0,6,165,Medium
2021-06-15,27.9,83,1.8,23.7,938.3,51,Medium,1.2,21.8,78.0,6,166,Medium
2021-06-16,27.4,85,2.8,27.8,938.7,53,Medium,1.8,23.7,83.0,6,167,Medium
2021-06-17,25.0,88,1.4,26.2,939.8,53,Medium,2.8,27.8,85.0,6,168,Medium
2021-06-18,27.4,86,3.6,28.2,940.5,53,Medium,1.4,26.2,88.0,6,169,Medium
2021-06-19,27.0,85,2.1,29.5,942.1,51,Medium,3.6,28.2,86.0,6,170,Medium
2021-06-20,27.7,86,5.2,31.7,943.1,53,Medium,2.1,29.5,85.0,6,171,Medium
2021-06-21,28.2,81,1.5,25.5,944.0,51,Medium,5.2,31.7,86.0,6,172,Medium
2021-06-22,27.3,83,3.1,22.0,943.9,51,Medium,1.5,25.5,81.0,6,173,Medium
2021-06-23,28.2,81,2.5,20.3,943.5,61,Medium,3.1,22.0,83.0,6,174,Medium
2021-06-24,25.0,91,9.8,24.0,943.5,55,Medium,2.5,20.3,81.0,6,175,Medium
2021-06-25,26.8,88,9.5,20.3,942.6,63,Medium,9.8,24.0,91.0,6,176,Medium
2021-06-26,27.3,83,0.7,20.6,942.7,51,Medium,9.5,20.3,88.0,6,177,Medium
2021-06-27,26.5,86,3.5,17.2,944.4,53,Medium,0.7,20.6,83.0,6,178,Medium
2021-06-28,26.5,92,7.5,12.1,943.5,61,Medium,3.5,17.2,86.0,6,179,Medium
2021-06-29,29.4,85,6.7,12.9,943.2,63,Medium,7.5,12.1,92.0,6,180,Medium
2021-06-30,29.0,83,0.8,20.2,943.2,51,Medium,6.7,12.9,85.0,6,181,Medium
2021-07-01,29.0,79,0.1,23.4,941.6,51,Medium,0.8,20.2,83.0,7,182,Medium
2021-07-02,28.8,78,0.1,26.7,941.9,51,Medium,0.1,23.4,79.0,7,183,Medium
2021-07-03,29.3,79,1.2,20.5,943.1,53,Medium,0.1,26.7,78.0,7,184,Medium
2021-07-04,30.2,77,1.8,18.2,943.8,53,Medium,1.2,20.5,79.0,7,185,Medium
2021-07-05,30.6,74,0.3,15.4,943.7,51,Medium,1.8,18.2,77.0,7,186,Medium
2021-07-06,31.0,73,0.7,13.0,942.7,51,Medium,0.3,15.4,74.0,7,187,Medium
2021-07-07,31.0,77,6.5,16.3,942.6,63,Medium,0.7,13.0,73.0,7,188,Medium
2021-07-08,30.2,79,1.1,19.3,942.2,51,Medium,6.5,16.3,77.0,7,189,Medium
2021-07-09,28.5,81,2.6,15.5,940.5,53,Medium,1.1,19.3,79.0,7,190,Medium
2021-07-10,29.5,86,7.3,13.1,939.4,61,Medium,2.6,15.5,81.0,7,191,Medium
2021-07-11,29.4,86,7.9,13.0,938.4,63,Medium,7.3,13.1,86.0,7,192,Medium
2021-07-12,29.3,88,7.9,18.7,937.1,63,Medium,7.9,13.0,86.0,7,193,Medium
2021-07-13,27.9,89,9.9,21.4,938.0,63,Medium,7.9,18.7,88.0,7,194,Medium
2021-07-14,27.2,90,6.4,20.1,938.8,63,Medium,9.9,21.4,89.0,7,195,Medium
2021-07-15,27.3,90,18.6,15.5,937.9,63,Medium,6.4,20.1,90.0,7,196,Medium
2021-07-16,28.4,88,6.4,28.8,940.4,63,Medium,18.6,15.5,90.0,7,197,Medium
2021-07-17,29.2,86,3.7,16.8,942.2,55,Medium,6.4,28.8,88.0,7,198,High
2021-07-18,26.0,92,50.9,23.2,940.6,65,High,3.7,16.8,86.0,7,199,High
2021-07-19,26.3,89,21.2,22.3,939.9,63,High,50.9,23.2,92.0,7,200,Medium
2021-07-20,26.6,88,8.5,26.8,941.6,53,Medium,21.2,22.3,89.0,7,201,Medium
2021-07-21,26.4,90,12.5,29.5,940.1,61,Medium,8.5,26.8,88.0,7,202,Medium
2021-07-22,24.9,91,5.4,24.9,937.8,53,Medium,12.5,29.5,90.0,7,203,Medium
2021-07-23,23.6,93,12.0,24.3,937.8,63,Medium,5.4,24.9,91.0,7,204,Medium
2021-07-24,26.0,90,3.0,29.5,939.4,51,Medium,12.0,24.3,93.0,7,205,Medium
2021-07-25,25.1,90,4.4,28.6,940.0,53,Medium,3.0,29.5,90.0,7,206,Medium
2021-07-26,25.6,88,8.5,32.5,940.4,61,Medium,4.4,28.6,90.0,7,207,Medium
2021-07-27,25.5,88,7.6,30.6,940.0,53,Medium,8.5,32.5,88.0,7,208,Medium
2021-07-28,25.9,90,9.5,28.3,940.5,61,Medium,7.6,30.6,88.0,7,209,Medium
2021-07-29,25.0,90,11.5,31.1,941.3,61,Medium,9.5,28.3,90.0,7,210,Medium
2021-07-30,25.6,87,5.8,34.8,942.0,55,Medium,11.5,31.1,90.0,7,211,Medium
2021-07-31,26.3,84,3.3,35.9,942.7,53,Medium,5.8,34.8,87.0,7,212,Medium
2021-08-01,25.9,84,1.1,36.5,941.5,51,Medium,3.3,35.9,84.0,8,213,Medium
2021-08-02,26.2,84,1.4,30.1,941.9,51,Medium,1.1,36.5,84.0,8,214,Medium
2021-08-03,26.1,86,3.3,30.5,943.0,53,Medium,1.4,30.1,84.0,8,215,Medium
2021-08-04,26.6,87,3.1,30.7,943.1,53,Medium,3.3,30.5,86.0,8,216,Medium
2021-08-05,27.6,82,1.3,27.4,941.7,51,Medium,3.1,30.7,87.0,8,217,Medium
2021-08-06,27.6,83,1.3,24.7,941.3,51,Medium,1.3,27.4,82.0,8,218,Medium
2021-08-07,27.3,83,1.3,20.7,942.3,51,Medium,1.3,24.7,83.0,8,219,Medium
2021-08-08,28.5,85,2.4,18.7,943.6,53,Medium,1.3,20.7,83.0,8,220,Medium
2021-08-09,28.7,85,1.1,22.0,944.7,51,Medium,2.4,18.7,85.0,8,221,Medium
2021-08-10,27.4,84,1.3,19.6,944.5,51,Medium,1.1,22.0,85.0,8,222,Medium
2021-08-11,27.5,84,1.5,20.4,944.4,51,Medium,1.3,19.6,84.0,8,223,Medium
2021-08-12,27.3,83,1.2,20.0,945.1,51,Medium,1.5,20.4,84.0,8,224,Medium
2021-08-13,27.5,82,1.8,20.8,944.0,53,Medium,1.2,20.0,83.0,8,225,Medium
2021-08-14,26.5,86,3.8,23.3,942.3,55,Medium,1.8,20.8,82.0,8,226,Medium
2021-08-15,27.5,88,4.7,20.3,942.5,53,Medium,3.8,23.3,86.0,8,227,Medium
2021-08-16,27.7,86,3.1,15.5,943.9,55,Medium,4.7,20.3,88.0,8,228,Medium
2021-08-17,24.2,92,10.5,13.8,943.8,55,Medium,3.1,15.5,86.0,8,229,High
2021-08-18,23.8,95,47.7,14.0,942.1,63,High,10.5,13.8,92.0,8,230,High
2021-08-19,23.8,94,33.0,18.8,941.7,63,High,47.7,14.0,95.0,8,231,High
2021-08-20,22.7,95,30.1,14.0,942.2,63,High,33.0,18.8,94.0,8,232,Medium
2021-08-21,25.4,92,7.1,18.9,943.2,61,Medium,30.1,14.0,95.0,8,233,Medium
2021-08-22,26.9,88,5.0,20.5,944.0,61,Medium,7.1,18.9,92.0,8,234,Medium
2021-08-23,28.5,86,1.4,16.2,944.3,51,Medium,5.0,20.5,88.0,8,235,Medium
2021-08-24,28.3,85,1.4,16.5,944.2,53,Medium,1.4,16.2,86.0,8,236,Medium
2021-08-25,27.5,84,1.9,19.2,943.1,53,Medium,1.4,16.5,85.0,8,237,Medium
2021-08-26,26.7,86,1.6,21.2,941.6,51,Medium,1.9,19.2,84.0,8,238,Medium
2021-08-27,27.1,85,1.4,16.3,941.4,51,Medium,1.6,21.2,86.0,8,239,Medium
2021-08-28,28.3,82,0.2,14.3,940.5,51,Medium,1.4,16.3,85.0,8,240,Medium
2021-08-29,28.6,82,0.6,16.6,940.3,51,Medium,0.2,14.3,82.0,8,241,Medium
2021-08-30,24.9,90,6.0,16.1,941.4,53,Medium,0.6,16.6,82.0,8,242,High
2021-08-31,23.9,95,39.9,15.6,940.8,63,High,6.0,16.1,90.0,8,243,Medium
2021-09-01,26.4,89,1.4,27.8,941.4,51,Medium,39.9,15.6,95.0,9,244,Medium
2021-09-02,26.8,87,1.1,23.7,941.9,51,Medium,1.4,27.8,89.0,9,245,Medium
2021-09-03,27.4,87,1.5,25.1,941.7,51,Medium,1.1,23.7,87.0,9,246,Medium
2021-09-04,26.7,89,8.2,16.9,942.1,63,Medium,1.5,25.1,87.0,9,247,Medium
2021-09-05,25.9,91,5.1,14.8,942.2,53,Medium,8.2,16.9,89.0,9,248,Medium
2021-09-06,27.2,90,9.1,14.7,941.7,63,Medium,5.1,14.8,91.0,9,249,Medium
2021-09-07,26.1,93,14.9,11.4,939.9,63,Medium,9.1,14.7,90.0,9,250,High
2021-09-08,25.4,93,25.8,30.5,938.6,63,High,14.9,11.4,93.0,9,251,Medium
2021-09-09,26.3,88,6.5,30.4,941.9,55,Medium,25.8,30.5,93.0,9,252,Medium
2021-09-10,26.2,88,4.4,29.9,942.2,53,Medium,6.5,30.4,88.0,9,253,Medium
2021-09-11,26.8,90,6.1,28.7,940.3,53,Medium,4.4,29.9,88.0,9,254,Medium
2021-09-12,26.8,92,7.5,21.2,938.5,61,Medium,6.1,28.7,90.0,9,255,High
2021-09-13,23.8,95,79.9,28.0,937.4,65,High,7.5,21.2,92.0,9,256,Medium
2021-09-14,26.3,87,9.4,27.8,938.7,63,Medium,79.9,28.0,95.0,9,257,Medium
2021-09-15,25.9,87,1.6,25.5,940.5,51,Medium,9.4,27.8,87.0,9,258,Medium
2021-09-16,25.6,86,0.1,25.3,941.8,51,Medium,1.6,25.5,87.0,9,259,Medium
2021-09-17,25.7,86,1.6,20.0,942.2,53,Medium,0.1,25.3,86.0,9,260,Medium
2021-09-18,26.9,85,0.7,19.0,943.9,51,Medium,1.6,20.0,86.0,9,261,Medium
2021-09-19,26.9,88,2.5,19.0,945.5,51,Medium,0.7,19.0,85.0,9,262,Medium
2021-09-20,28.1,89,3.9,18.2,944.9,63,Medium,2.5,19.0,88.0,9,263,Medium
2021-09-21,26.6,91,7.6,19.8,943.6,61,Medium,3.9,18.2,89.0,9,264,Medium
2021-09-22,24.0,93,10.5,17.5,942.0,61,Medium,7.6,19.8,91.0,9,265,Medium
2021-09-23,26.9,91,10.5,17.8,942.3,63,Medium,10.5,17.5,93.0,9,266,Medium
2021-09-24,27.4,85,1.3,14.2,943.6,51,Medium,10.5,17.8,91.0,9,267,Medium
2021-09-25,27.8,83,0.1,14.1,943.9,51,Medium,1.3,14.2,85.0,9,268,Medium
2021-09-26,26.4,87,3.9,13.2,942.2,53,Medium,0.1,14.1,83.0,9,269,Medium
2021-09-27,26.9,90,17.4,11.3,940.7,63,Medium,3.9,13.2,87.0,9,270,High
2021-09-28,24.7,94,75.1,17.3,939.6,65,High,17.4,11.3,90.0,9,271,High
2021-09-29,25.1,91,20.0,32.4,940.6,63,High,75.1,17.3,94.0,9,272,Medium
2021-09-30,27.6,89,4.0,17.2,944.6,61,Medium,20.0,32.4,91.0,9,273,Medium
2021-10-01,29.2,87,2.5,8.8,945.7,55,Medium,4.0,17.2,89.0,10,274,Medium
2021-10-02,27.1,90,1.4,10.1,945.5,51,Medium,2.5,8.8,87.0,10,275,Medium
2021-10-03,29.6,86,1.0,12.3,945.0,51,Medium,1.4,10.1,90.0,10,276,Medium
2021-10-04,30.0,83,0.3,10.2,944.4,51,Medium,1.0,12.3,86.0,10,277,Medium
2021-10-05,29.8,87,1.5,8.7,944.9,51,Medium,0.3,10.2,83.0,10,278,Medium
2021-10-06,29.0,88,6.3,8.5,944.4,61,Medium,1.5,8.7,87.0,10,279,Medium
2021-10-07,30.1,84,0.7,12.8,943.6,51,Medium,6.3,8.5,88.0,10,280,Medium
2021-10-08,28.9,90,5.8,9.2,943.9,61,Medium,0.7,12.8,84.0,10,281,Medium
2021-10-09,27.6,92,17.4,12.8,945.2,65,Medium,5.8,9.2,90.0,10,282,Medium
2021-10-10,29.0,87,0.9,8.4,945.1,51,Medium,17.4,12.8,92.0,10,283,Medium
2021-10-11,28.5,87,1.1,7.1,943.9,51,Medium,0.9,8.4,87.0,10,284,Medium
2021-10-12,28.6,82,0.5,8.0,943.7,51,Medium,1.1,7.1,87.0,10,285,Medium
2021-10-13,29.1,79,0.2,11.7,943.6,51,Medium,0.5,8.0,82.0,10,286,Low
2021-10-14,30.2,70,0.0,13.1,943.4,3,Low,0.2,11.7,79.0,10,287,Low
2021-10-15,29.9,70,0.0,10.0,941.4,3,Low,0.0,13.1,70.0,10,288,Low
2021-10-16,29.5,66,0.0,9.0,940.4,3,Low,0.0,10.0,70.0,10,289,Low
2021-10-17,30.3,70,0.0,13.9,940.8,3,Low,0.0,9.0,66.0,10,290,Low
2021-10-18,29.2,72,0.0,17.4,943.2,2,Low,0.0,13.9,70.0,10,291,Low
2021-10-19,28.7,73,0.0,12.4,946.9,3,Low,0.0,17.4,72.0,10,292,Low
2021-10-20,29.0,66,0.0,7.4,948.8,1,Low,0.0,12.4,73.0,10,293,Low
2021-10-21,28.9,56,0.0,10.6,949.3,0,Low,0.0,7.4,66.0,10,294,Low
2021-10-22,29.1,58,0.0,9.4,948.9,2,Low,0.0,10.6,56.0,10,295,Low
2021-10-23,29.7,66,0.0,11.3,948.9,0,Low,0.0,9.4,58.0,10,296,Low
2021-10-24,28.8,74,0.0,10.8,949.2,3,Low,0.0,11.3,66.0,10,297,Low
2021-10-25,28.4,74,0.0,8.3,948.7,3,Low,0.0,10.8,74.0,10,298,Low
2021-10-26,28.7,66,0.0,9.2,947.6,1,Low,0.0,8.3,74.0,10,299,Low
2021-10-27,28.8,60,0.0,11.7,948.4,3,Low,0.0,9.2,66.0,10,300,Low
2021-10-28,28.5,63,0.0,13.8,949.2,1,Low,0.0,11.7,60.0,10,301,Low
2021-10-29,27.8,47,0.0,15.5,950.0,3,Low,0.0,13.8,63.0,10,302,Low
2021-10-30,27.7,53,0.0,16.4,950.3,3,Low,0.0,15.5,47.0,10,303,Low
2021-10-31,29.1,60,0.0,12.2,949.2,2,Low,0.0,16.4,53.0,10,304,Low
2021-11-01,29.3,62,0.0,11.2,947.8,3,Low,0.0,12.2,60.0,11,305,Low
2021-11-02,29.5,62,0.0,12.8,947.7,3,Low,0.0,11.2,62.0,11,306,Low
2021-11-03,29.0,63,0.0,12.6,947.9,3,Low,0.0,12.8,62.0,11,307,Low
2021-11-04,29.0,62,0.0,13.0,947.4,3,Low,0.0,12.6,63.0,11,308,Medium
2021-11-05,29.2,69,0.3,12.8,947.3,51,Medium,0.0,13.0,62.0,11,309,Medium
2021-11-06,29.4,73,0.2,14.2,946.4,51,Medium,0.3,12.8,69.0,11,310,Low
2021-11-07,28.7,62,0.0,14.2,946.4,3,Low,0.2,14.2,73.0,11,311,Low
2021-11-08,28.5,58,0.0,16.5,947.7,3,Low,0.0,14.2,62.0,11,312,Low
2021-11-09,28.0,55,0.0,15.5,948.3,2,Low,0.0,16.5,58.0,11,313,Low
2021-11-10,27.9,52,0.0,14.5,947.5,3,Low,0.0,15.5,55.0,11,314,Low
2021-11-11,27.6,49,0.0,19.9,946.2,3,Low,0.0,14.5,52.0,11,315,Low
2021-11-12,27.7,53,0.0,18.1,946.0,3,Low,0.0,19.9,49.0,11,316,Low
2021-11-13,29.8,64,0.0,14.0,946.1,3,Low,0.0,18.1,53.0,11,317,Low
2021-11-14,30.0,71,0.0,11.2,945.6,3,Low,0.0,14.0,64.0,11,318,Low
2021-11-15,30.1,71,0.0,15.1,944.5,3,Low,0.0,11.2,71.0,11,319,Low
2021-11-16,30.7,67,0.0,21.4,944.5,3,Low,0.0,15.1,71.0,11,320,Medium
2021-11-17,29.8,75,12.5,23.5,945.7,65,Medium,0.0,21.4,67.0,11,321,Medium
2021-11-18,29.2,86,2.0,15.7,945.4,61,Medium,12.5,23.5,75.0,11,322,Medium
2021-11-19,28.4,82,0.4,15.8,943.6,51,Medium,2.0,15.7,86.0,11,323,Medium
2021-11-20,29.1,80,0.7,19.2,943.3,51,Medium,0.4,15.8,82.0,11,324,Medium
2021-11-21,28.4,83,1.1,20.0,945.6,51,Medium,0.7,19.2,80.0,11,325,Medium
2021-11-22,28.5,88,2.4,9.0,947.8,53,Medium,1.1,20.0,83.0,11,326,Medium
2021-11-23,29.2,81,0.6,8.3,947.5,51,Medium,2.4,9.0,88.0,11,327,Low
2021-11-24,29.6,77,0.0,13.6,947.8,3,Low,0.6,8.3,81.0,11,328,Low
2021-11-25,29.6,72,0.0,9.1,948.4,3,Low,0.0,13.6,77.0,11,329,Low
2021-11-26,29.0,70,0.0,7.8,948.6,1,Low,0.0,9.1,72.0,11,330,Low
2021-11-27,28.4,66,0.0,13.6,948.3,3,Low,0.0,7.8,70.0,11,331,Low
2021-11-28,27.2,57,0.0,14.8,949.0,3,Low,0.0,13.6,66.0,11,332,Low
2021-11-29,26.9,59,0.0,16.5,949.4,3,Low,0.0,14.8,57.0,11,333,Medium
2021-11-30,27.2,63,0.3,16.1,948.9,51,Medium,0.0,16.5,59.0,11,334,High
2021-12-01,20.5,84,41.0,15.8,948.2,63,High,0.3,16.1,63.0,12,335,High
2021-12-02,20.9,89,38.4,22.7,947.0,63,High,41.0,15.8,84.0,12,336,Medium
2021-12-03,23.3,88,0.3,13.8,948.0,51,Medium,38.4,22.7,89.0,12,337,Medium
2021-12-04,25.7,87,0.7,16.7,948.2,51,Medium,0.3,13.8,88.0,12,338,Low
2021-12-05,26.0,82,0.0,10.0,948.3,3,Low,0.7,16.7,87.0,12,339,Medium
2021-12-06,25.5,81,0.4,7.8,948.4,51,Medium,0.0,10.0,82.0,12,340,Low
2021-12-07,25.9,81,0.0,12.3,949.3,2,Low,0.4,7.8,81.0,12,341,Low
2021-12-08,25.8,78,0.0,10.7,949.4,3,Low,0.0,12.3,81.0,12,342,Low
2021-12-09,25.5,77,0.0,9.7,950.7,3,Low,0.0,10.7,78.0,12,343,Low
2021-12-10,26.1,78,0.0,13.2,951.5,3,Low,0.0,9.7,77.0,12,344,Low
2021-12-11,26.2,78,0.0,13.4,950.9,2,Low,0.0,13.2,78.0,12,345,Low
2021-12-12,26.6,74,0.0,12.5,950.7,2,Low,0.0,13.4,78.0,12,346,Low
2021-12-13,26.2,69,0.0,14.0,949.7,3,Low,0.0,12.5,74.0,12,347,Low
2021-12-14,25.8,72,0.0,11.1,949.0,3,Low,0.0,14.0,69.0,12,348,Low
2021-12-15,26.2,77,0.0,9.0,949.0,3,Low,0.0,11.1,72.0,12,349,Low
2021-12-16,25.9,77,0.0,11.2,949.9,3,Low,0.0,9.0,77.0,12,350,Low
2021-12-17,25.6,76,0.0,10.0,950.5,3,Low,0.0,11.2,77.0,12,351,Low
2021-12-18,25.1,73,0.0,11.2,950.7,0,Low,0.0,10.0,76.0,12,352,Low
2021-12-19,24.6,78,0.0,14.5,951.2,0,Low,0.0,11.2,73.0,12,353,Low
2021-12-20,25.1,74,0.0,10.8,950.7,3,Low,0.0,14.5,78.0,12,354,Low
2021-12-21,25.9,71,0.0,9.0,950.0,1,Low,0.0,10.8,74.0,12,355,Low
2021-12-22,27.0,70,0.0,9.2,948.4,2,Low,0.0,9.0,71.0,12,356,Low
2021-12-23,27.9,63,0.0,9.5,948.1,0,Low,0.0,9.2,70.0,12,357,Low
2021-12-24,27.8,64,0.0,12.5,947.9,0,Low,0.0,9.5,63.0,12,358,Low
2021-12-25,26.3,71,0.0,10.6,948.8,0,Low,0.0,12.5,64.0,12,359,Low
2021-12-26,27.1,72,0.0,11.3,950.0,3,Low,0.0,10.6,71.0,12,360,Low
2021-12-27,26.7,72,0.0,9.0,950.1,3,Low,0.0,11.3,72.0,12,361,Low
2021-12-28,27.6,67,0.0,15.0,948.8,3,Low,0.0,9.0,72.0,12,362,Low
2021-12-29,23.5,74,0.0,13.4,949.4,0,Low,0.0,15.0,67.0,12,363,Low
2021-12-30,23.6,74,0.0,21.7,951.4,3,Low,0.0,13.4,74.0,12,364,Low
2021-12-31,26.0,77,0.0,17.5,952.3,3,Low,0.0,21.7,74.0,12,365,Low
2022-01-01,26.4,75,0.0,11.6,952.3,3,Low,0.0,17.5,77.0,1,1,Medium
2022-01-02,25.9,78,0.2,10.7,951.0,51,Medium,0.0,11.6,75.0,1,2,Low
2022-01-03,26.5,72,0.0,12.1,950.5,1,Low,0.2,10.7,78.0,1,3,Low
2022-01-04,27.0,69,0.0,10.8,950.2,1,Low,0.0,12.1,72.0,1,4,Low
2022-01-05,27.2,70,0.0,14.3,949.1,2,Low,0.0,10.8,69.0,1,5,Low
2022-01-06,26.6,76,0.0,13.8,948.3,1,Low,0.0,14.3,70.0,1,6,Low
2022-01-07,27.0,77,0.0,18.1,947.9,2,Low,0.0,13.8,76.0,1,7,Medium
2022-01-08,23.6,81,1.8,11.2,948.5,51,Medium,0.0,18.1,77.0,1,8,Medium
2022-01-09,23.1,67,1.0,12.1,948.2,53,Medium,1.8,11.2,81.0,1,9,Low
2022-01-10,22.7,66,0.0,12.0,948.0,0,Low,1.0,12.1,67.0,1,10,Low
2022-01-11,23.6,72,0.0,13.0,948.2,3,Low,0.0,12.0,66.0,1,11,Low
2022-01-12,23.0,73,0.0,14.9,947.8,2,Low,0.0,13.0,72.0,1,12,Medium
2022-01-13,22.9,74,0.1,15.4,947.2,51,Medium,0.0,14.9,73.0,1,13,Medium
2022-01-14,23.7,75,0.2,10.8,947.5,51,Medium,0.1,15.4,74.0,1,14,Low
2022-01-15,24.1,74,0.0,16.6,948.9,3,Low,0.2,10.8,75.0,1,15,Low
2022-01-16,25.7,72,0.0,15.5,950.0,1,Low,0.0,16.6,74.0,1,16,Low
2022-01-17,26.3,74,0.0,11.5,951.5,1,Low,0.0,15.5,72.0,1,17,Low
2022-01-18,26.6,72,0.0,10.0,950.8,0,Low,0.0,11.5,74.0,1,18,Low
2022-01-19,26.8,65,0.0,11.2,949.3,0,Low,0.0,10.0,72.0,1,19,Low
2022-01-20,27.6,53,0.0,13.7,946.8,1,Low,0.0,11.2,65.0,1,20,Low
2022-01-21,27.5,67,0.0,14.3,946.5,1,Low,0.0,13.7,53.0,1,21,Medium
2022-01-22,24.2,79,0.7,27.4,944.7,51,Medium,0.0,14.3,67.0,1,22,Medium
2022-01-23,20.6,68,0.1,17.0,945.3,51,Medium,0.7,27.4,79.0,1,23,Low
2022-01-24,21.0,57,0.0,9.2,945.9,0,Low,0.1,17.0,68.0,1,24,Low
2022-01-25,22.3,55,0.0,10.8,946.3,0,Low,0.0,9.2,57.0,1,25,Low
2022-01-26,23.6,59,0.0,12.2,947.1,0,Low,0.0,10.8,55.0,1,26,Low
2022-01-27,24.3,55,0.0,14.2,948.4,0,Low,0.0,12.2,59.0,1,27,Low
2022-01-28,25.1,55,0.0,13.4,949.2,0,Low,0.0,14.2,55.0,1,28,Low
2022-01-29,26.2,54,0.0,10.1,949.7,0,Low,0.0,13.4,55.0,1,29,Low
2022-01-30,28.0,53,0.0,11.8,948.3,0,Low,0.0,10.1,54.0,1,30,Low
2022-01-31,28.5,50,0.0,12.7,947.1,0,Low,0.0,11.8,53.0,1,31,Low
2022-02-01,28.5,54,0.0,13.6,946.5,0,Low,0.0,12.7,50.0,2,32,Low
2022-02-02,30.1,51,0.0,11.8,946.7,1,Low,0.0,13.6,54.0,2,33,Low
2022-02-03,27.1,56,0.0,20.1,945.5,0,Low,0.0,11.8,51.0,2,34,Low
2022-02-04,25.6,68,0.0,11.4,945.7,3,Low,0.0,20.1,56.0,2,35,Low
2022-02-05,27.1,56,0.0,15.2,946.3,3,Low,0.0,11.4,68.0,2,36,Low
2022-02-06,29.2,49,0.0,18.6,948.4,0,Low,0.0,15.2,56.0,2,37,Low
2022-02-07,29.0,55,0.0,13.4,948.9,0,Low,0.0,18.6,49.0,2,38,Low
2022-02-08,28.4,65,0.0,15.0,947.9,2,Low,0.0,13.4,55.0,2,39,Low
2022-02-09,26.3,64,0.0,13.8,947.8,2,Low,0.0,15.0,65.0,2,40,Low
2022-02-10,27.4,50,0.0,16.2,948.6,3,Low,0.0,13.8,64.0,2,41,Low
2022-02-11,27.7,48,0.0,15.5,949.0,0,Low,0.0,16.2,50.0,2,42,Low
2022-02-12,28.6,47,0.0,12.9,948.1,0,Low,0.0,15.5,48.0,2,43,Low
2022-02-13,29.3,46,0.0,18.4,946.3,1,Low,0.0,12.9,47.0,2,44,Low
2022-02-14,28.8,46,0.0,14.2,946.0,0,Low,0.0,18.4,46.0,2,45,Low
2022-02-15,28.9,42,0.0,15.3,946.0,0,Low,0.0,14.2,46.0,2,46,Low
2022-02-16,27.5,53,0.0,12.1,944.4,0,Low,0.0,15.3,42.0,2,47,Low
2022-02-17,28.9,54,0.0,13.0,943.6,3,Low,0.0,12.1,53.0,2,48,Low
2022-02-18,30.2,57,0.0,13.1,944.9,1,Low,0.0,13.0,54.0,2,49,Low
2022-02-19,31.4,54,0.0,13.5,947.2,2,Low,0.0,13.1,57.0,2,50,Low
2022-02-20,30.8,37,0.0,17.1,946.8,1,Low,0.0,13.5,54.0,2,51,Low
2022-02-21,31.3,31,0.0,13.4,946.2,0,Low,0.0,17.1,37.0,2,52,Low
2022-02-22,33.5,39,0.0,14.0,947.0,0,Low,0.0,13.4,31.0,2,53,Low
2022-02-23,34.2,39,0.0,17.1,948.6,0,Low,0.0,14.0,39.0,2,54,Low
2022-02-24,33.0,38,0.0,16.1,949.9,3,Low,0.0,17.1,39.0,2,55,Low
2022-02-25,32.1,34,0.0,12.8,949.3,0,Low,0.0,16.1,38.0,2,56,Low
2022-02-26,33.2,33,0.0,17.8,948.9,3,Low,0.0,12.8,34.0,2,57,Low
2022-02-27,32.4,30,0.0,16.9,949.4,0,Low,0.0,17.8,33.0,2,58,Low
2022-02-28,33.1,33,0.0,17.1,949.0,1,Low,0.0,16.9,30.0,2,59,Low
2022-03-01,32.5,34,0.0,14.2,949.2,3,Low,0.0,17.1,33.0,3,60,Low
2022-03-02,33.1,31,0.0,19.1,948.9,2,Low,0.0,14.2,34.0,3,61,Low
2022-03-03,33.4,30,0.0,17.4,948.7,3,Low,0.0,19.1,31.0,3,62,Low
2022-03-04,33.0,29,0.0,19.3,949.1,3,Low,0.0,17.4,30.0,3,63,Low
2022-03-05,32.9,34,0.0,15.9,948.3,0,Low,0.0,19.3,29.0,3,64,Low
2022-03-06,33.1,34,0.0,20.0,947.3,3,Low,0.0,15.9,34.0,3,65,Low
2022-03-07,33.1,33,0.0,16.8,947.4,2,Low,0.0,20.0,34.0,3,66,Medium
2022-03-08,31.9,47,0.1,15.8,948.2,51,Medium,0.0,16.8,33.0,3,67,Medium
2022-03-09,30.3,51,0.7,12.6,948.1,51,Medium,0.1,15.8,47.0,3,68,Low
2022-03-10,32.8,44,0.0,10.9,947.4,2,Low,0.7,12.6,51.0,3,69,Medium
2022-03-11,33.2,45,1.2,15.3,947.2,53,Medium,0.0,10.9,44.0,3,70,Low
2022-03-12,33.1,41,0.0,11.9,947.0,1,Low,1.2,15.3,45.0,3,71,Low
2022-03-13,33.8,29,0.0,11.2,947.7,0,Low,0.0,11.9,41.0,3,72,Low
2022-03-14,35.3,25,0.0,11.9,947.8,3,Low,0.0,11.2,29.0,3,73,Low
2022-03-15,36.3,29,0.0,13.8,946.4,0,Low,0.0,11.9,25.0,3,74,Low
2022-03-16,37.4,24,0.0,16.3,945.2,2,Low,0.0,13.8,29.0,3,75,Low
2022-03-17,37.9,23,0.0,18.2,944.6,0,Low,0.0,16.3,24.0,3,76,Low
2022-03-18,38.5,22,0.0,15.3,944.0,3,Low,0.0,18.2,23.0,3,77,Low
2022-03-19,37.8,23,0.0,18.6,943.3,3,Low,0.0,15.3,22.0,3,78,Low
2022-03-20,33.7,35,0.0,20.0,943.8,3,Low,0.0,18.6,23.0,3,79,Low
2022-03-21,36.2,32,0.0,16.0,944.9,3,Low,0.0,20.0,35.0,3,80,Low
2022-03-22,36.8,19,0.0,18.6,945.3,3,Low,0.0,16.0,32.0,3,81,Low
2022-03-23,37.3,19,0.0,19.8,944.7,3,Low,0.0,18.6,19.0,3,82,Low
2022-03-24,37.7,21,0.0,24.6,944.4,3,Low,0.0,19.8,19.0,3,83,Low
2022-03-25,38.1,35,0.0,19.7,945.3,3,Low,0.0,24.6,21.0,3,84,Low
2022-03-26,38.7,36,0.0,17.0,947.4,3,Low,0.0,19.7,35.0,3,85,Low
2022-03-27,38.9,40,0.0,18.8,947.6,3,Low,0.0,17.0,36.0,3,86,Low
2022-03-28,38.8,32,0.0,16.2,947.2,1,Low,0.0,18.8,40.0,3,87,Low
2022-03-29,37.6,29,0.0,16.4,946.2,3,Low,0.0,16.2,32.0,3,88,Low
2022-03-30,37.5,21,0.0,17.4,945.7,0,Low,0.0,16.4,29.0,3,89,Low
2022-03-31,37.7,22,0.0,15.5,945.9,0,Low,0.0,17.4,21.0,3,90,Low
2022-04-01,38.0,27,0.0,17.1,945.9,0,Low,0.0,15.5,22.0,4,91,Low
2022-04-02,38.3,31,0.0,18.1,946.4,0,Low,0.0,17.1,27.0,4,92,Low
2022-04-03,38.9,36,0.0,20.6,946.2,3,Low,0.0,18.1,31.0,4,93,Low
2022-04-04,39.7,35,0.0,19.3,946.5,3,Low,0.0,20.6,36.0,4,94,Low
2022-04-05,39.8,42,0.0,19.4,948.1,3,Low,0.0,19.3,35.0,4,95,Low
2022-04-06,38.9,42,0.0,20.6,948.4,3,Low,0.0,19.4,42.0,4,96,Low
2022-04-07,38.8,39,0.0,18.2,947.4,3,Low,0.0,20.6,42.0,4,97,Low
2022-04-08,39.7,32,0.0,20.6,945.9,3,Low,0.0,18.2,39.0,4,98,Low
2022-04-09,39.1,42,0.0,19.7,945.5,3,Low,0.0,20.6,32.0,4,99,Low
2022-04-10,37.4,40,0.0,19.6,945.5,3,Low,0.0,19.7,42.0,4,100,Low
2022-04-11,38.8,32,0.0,20.0,944.7,3,Low,0.0,19.6,40.0,4,101,Low
2022-04-12,39.3,26,0.0,20.4,943.8,3,Low,0.0,20.0,32.0,4,102,Low
2022-04-13,39.5,24,0.0,17.6,943.4,3,Low,0.0,20.4,26.0,4,103,Low
2022-04-14,38.5,23,0.0,17.2,943.6,3,Low,0.0,17.6,24.0,4,104,Low
2022-04-15,37.1,45,0.0,16.8,944.2,1,Low,0.0,17.2,23.0,4,105,Low
2022-04-16,37.5,31,0.0,17.9,943.2,0,Low,0.0,16.8,45.0,4,106,Low
2022-04-17,37.7,37,0.0,18.7,944.0,2,Low,0.0,17.9,31.0,4,107,Low
2022-04-18,37.7,34,0.0,17.6,946.1,1,Low,0.0,18.7,37.0,4,108,Low
2022-04-19,38.1,39,0.0,21.5,947.5,3,Low,0.0,17.6,34.0,4,109,Medium
2022-04-20,36.4,37,0.5,23.8,946.0,53,Medium,0.0,21.5,39.0,4,110,Low
2022-04-21,37.5,26,0.0,21.8,944.9,3,Low,0.5,23.8,37.0,4,111,Low
2022-04-22,38.7,28,0.0,20.3,945.3,3,Low,0.0,21.8,26.0,4,112,Low
2022-04-23,39.0,23,0.0,20.2,945.9,2,Low,0.0,20.3,28.0,4,113,Low
2022-04-24,39.7,31,0.0,20.0,945.8,3,Low,0.0,20.2,23.0,4,114,Low
2022-04-25,39.7,28,0.0,17.3,944.7,2,Low,0.0,20.0,31.0,4,115,Low
2022-04-26,38.8,24,0.0,17.7,945.2,1,Low,0.0,17.3,28.0,4,116,Low
2022-04-27,40.2,20,0.0,18.9,944.6,3,Low,0.0,17.7,24.0,4,117,Low
2022-04-28,41.1,21,0.0,18.6,944.9,3,Low,0.0,18.9,20.0,4,118,Low
2022-04-29,38.3,38,0.0,19.0,946.2,2,Low,0.0,18.6,21.0,4,119,Low
2022-04-30,38.7,37,0.0,23.4,944.3,0,Low,0.0,19.0,38.0,4,120,Low
2022-05-01,37.7,48,0.0,18.0,943.2,1,Low,0.0,23.4,37.0,5,121,Low
2022-05-02,37.2,56,0.0,19.3,943.4,1,Low,0.0,18.0,48.0,5,122,Low
2022-05-03,37.5,54,0.0,20.0,944.3,1,Low,0.0,19.3,56.0,5,123,Low
2022-05-04,37.5,50,0.0,18.6,945.3,0,Low,0.0,20.0,54.0,5,124,Low
2022-05-05,37.7,37,0.0,21.1,945.0,0,Low,0.0,18.6,50.0,5,125,Low
2022-05-06,37.8,42,0.0,20.1,944.5,2,Low,0.0,21.1,37.0,5,126,Low
2022-05-07,38.9,37,0.0,23.3,944.0,3,Low,0.0,20.1,42.0,5,127,Low
2022-05-08,40.0,34,0.0,20.9,942.4,3,Low,0.0,23.3,37.0,5,128,Low
2022-05-09,39.2,39,0.0,23.1,941.4,3,Low,0.0,20.9,34.0,5,129,Medium
2022-05-10,39.1,50,0.3,22.1,941.0,51,Medium,0.0,23.1,39.0,5,130,Low
2022-05-11,40.0,53,0.0,26.6,940.6,3,Low,0.3,22.1,50.0,5,131,Low
2022-05-12,36.4,63,0.0,19.9,941.5,3,Low,0.0,26.6,53.0,5,132,Low
2022-05-13,37.0,60,0.0,19.1,941.3,3,Low,0.0,19.9,63.0,5,133,Low
2022-05-14,36.7,58,0.0,20.1,941.8,1,Low,0.0,19.1,60.0,5,134,Low
2022-05-15,37.6,58,0.0,16.3,943.0,1,Low,0.0,20.1,58.0,5,135,Low
2022-05-16,37.9,54,0.0,17.4,942.7,1,Low,0.0,16.3,58.0,5,136,Low
2022-05-17,37.1,50,0.0,16.5,941.7,3,Low,0.0,17.4,54.0,5,137,Low
2022-05-18,37.6,53,0.0,17.6,941.9,1,Low,0.0,16.5,50.0,5,138,Low
2022-05-19,39.0,52,0.0,21.7,942.2,2,Low,0.0,17.6,53.0,5,139,Low
2022-05-20,36.0,61,0.0,19.9,942.9,3,Low,0.0,21.7,52.0,5,140,Low
2022-05-21,34.4,63,0.0,26.6,942.4,3,Low,0.0,19.9,61.0,5,141,Low
2022-05-22,33.5,66,0.0,28.6,940.6,3,Low,0.0,26.6,63.0,5,142,Low
2022-05-23,34.2,66,0.0,27.6,940.1,3,Low,0.0,28.6,66.0,5,143,Medium
2022-05-24,34.0,66,0.7,21.2,942.8,51,Medium,0.0,27.6,66.0,5,144,Low
2022-05-25,34.9,63,0.0,17.8,945.1,1,Low,0.7,21.2,66.0,5,145,Low
2022-05-26,34.5,64,0.0,18.8,944.7,1,Low,0.0,17.8,63.0,5,146,Low
2022-05-27,33.8,63,0.0,24.1,944.2,1,Low,0.0,18.8,64.0,5,147,Low
2022-05-28,33.8,64,0.0,24.4,943.3,3,Low,0.0,24.1,63.0,5,148,Low
2022-05-29,32.9,65,0.0,25.4,943.5,3,Low,0.0,24.4,64.0,5,149,Low
2022-05-30,33.7,66,0.0,20.4,943.3,3,Low,0.0,25.4,65.0,5,150,Medium
2022-05-31,34.8,65,0.1,18.1,942.7,51,Medium,0.0,20.4,66.0,5,151,Medium
2022-06-01,35.5,64,0.3,18.9,942.9,51,Medium,0.1,18.1,65.0,6,152,Low
2022-06-02,34.3,61,0.0,17.2,943.2,3,Low,0.3,18.9,64.0,6,153,Low
2022-06-03,35.5,58,0.0,19.4,942.7,2,Low,0.0,17.2,61.0,6,154,Low
2022-06-04,35.9,56,0.0,16.8,942.6,3,Low,0.0,19.4,58.0,6,155,Medium
2022-06-05,37.0,59,0.1,20.8,942.5,51,Medium,0.0,16.8,56.0,6,156,Medium
2022-06-06,35.8,61,1.4,16.9,943.0,53,Medium,0.1,20.8,59.0,6,157,Medium
2022-06-07,34.3,62,1.8,16.4,943.1,53,Medium,1.4,16.9,61.0,6,158,Medium
2022-06-08,35.4,66,3.6,16.7,942.9,63,Medium,1.8,16.4,62.0,6,159,Medium
2022-06-09,36.2,68,6.1,14.0,941.9,63,Medium,3.6,16.7,66.0,6,160,Medium
2022-06-10,32.8,75,4.3,15.0,941.8,63,Medium,6.1,14.0,68.0,6,161,Medium
2022-06-11,32.1,83,12.7,19.8,942.1,63,Medium,4.3,15.0,75.0,6,162,Medium
2022-06-12,30.3,80,2.1,19.1,942.1,53,Medium,12.7,19.8,83.0,6,163,Medium
2022-06-13,31.6,75,2.5,18.9,943.5,53,Medium,2.1,19.1,80.0,6,164,Medium
2022-06-14,32.1,72,2.0,21.5,943.6,55,Medium,2.5,18.9,75.0,6,165,Medium
2022-06-15,31.5,76,1.2,26.3,942.9,53,Medium,2.0,21.5,72.0,6,166,Medium
2022-06-16,32.1,75,1.1,19.9,942.6,53,Medium,1.2,26.3,76.0,6,167,Medium
2022-06-17,31.4,76,2.8,18.8,942.0,55,Medium,1.1,19.9,75.0,6,168,Medium
2022-06-18,31.4,73,1.1,20.6,942.3,53,Medium,2.8,18.8,76.0,6,169,Medium
2022-06-19,29.4,81,2.6,24.8,942.3,61,Medium,1.1,20.6,73.0,6,170,Medium
2022-06-20,28.5,84,3.4,27.2,941.0,55,Medium,2.6,24.8,81.0,6,171,Medium
2022-06-21,29.2,84,3.9,22.1,939.1,61,Medium,3.4,27.2,84.0,6,172,Medium
2022-06-22,31.7,83,19.7,20.2,940.8,63,Medium,3.9,22.1,84.0,6,173,Medium
2022-06-23,29.9,85,18.8,9.1,941.8,65,Medium,19.7,20.2,83.0,6,174,Medium
2022-06-24,29.4,89,14.3,13.0,940.5,63,Medium,18.8,9.1,85.0,6,175,Medium
2022-06-25,29.0,84,9.3,13.0,938.1,63,Medium,14.3,13.0,89.0,6,176,Medium
2022-06-26,29.5,85,1.6,22.0,938.1,53,Medium,9.3,13.0,84.0,6,177,Medium
2022-06-27,28.4,88,17.3,18.8,939.9,63,Medium,1.6,22.0,85.0,6,178,Medium
2022-06-28,28.0,87,4.7,21.6,941.0,61,Medium,17.3,18.8,88.0,6,179,Medium
2022-06-29,28.3,86,8.0,19.7,939.9,63,Medium,4.7,21.6,87.0,6,180,Medium
2022-06-30,28.3,87,3.7,19.8,939.7,55,Medium,8.0,19.7,86.0,6,181,Medium
2022-07-01,26.2,89,3.5,26.6,940.1,61,Medium,3.7,19.8,87.0,7,182,Medium
2022-07-02,25.5,91,3.8,26.4,938.8,53,Medium,3.5,26.6,89.0,7,183,Medium
2022-07-03,27.5,87,3.1,27.6,938.8,53,Medium,3.8,26.4,91.0,7,184,Medium
2022-07-04,25.9,90,3.5,22.4,938.5,53,Medium,3.1,27.6,87.0,7,185,Medium
2022-07-05,24.8,92,6.2,21.5,937.0,61,Medium,3.5,22.4,90.0,7,186,Medium
2022-07-06,26.5,89,2.2,26.7,938.6,53,Medium,6.2,21.5,92.0,7,187,Medium
2022-07-07,26.2,89,2.9,26.8,941.2,53,Medium,2.2,26.7,89.0,7,188,Medium
2022-07-08,24.5,93,11.3,21.7,940.4,61,Medium,2.9,26.8,89.0,7,189,Medium
2022-07-09,25.2,91,16.3,22.0,938.9,63,Medium,11.3,21.7,93.0,7,190,High
2022-07-10,24.6,91,23.1,26.0,939.6,63,High,16.3,22.0,91.0,7,191,High
2022-07-11,23.1,94,38.9,26.0,940.6,63,High,23.1,26.0,91.0,7,192,High
2022-07-12,23.5,93,42.9,26.2,940.2,63,High,38.9,26.0,94.0,7,193,High
2022-07-13,23.6,93,58.3,26.9,937.0,63,High,42.9,26.2,93.0,7,194,High
2022-07-14,24.0,93,46.4,31.2,934.6,63,High,58.3,26.9,93.0,7,195,Medium
2022-07-15,24.9,92,9.7,30.8,935.6,55,Medium,46.4,31.2,93.0,7,196,Medium
2022-07-16,26.5,90,8.5,29.8,937.4,61,Medium,9.7,30.8,92.0,7,197,Medium
2022-07-17,27.2,87,2.4,25.8,940.3,51,Medium,8.5,29.8,90.0,7,198,Medium
2022-07-18,23.6,93,15.5,22.3,940.6,61,Medium,2.4,25.8,87.0,7,199,Medium
2022-07-19,25.1,91,7.1,28.1,941.3,61,Medium,15.5,22.3,93.0,7,200,Medium
2022-07-20,26.9,88,3.0,23.6,942.5,53,Medium,7.1,28.1,91.0,7,201,Medium
2022-07-21,27.1,86,2.3,20.9,942.9,53,Medium,3.0,23.6,88.0,7,202,Medium
2022-07-22,27.6,84,1.3,21.6,943.4,51,Medium,2.3,20.9,86.0,7,203,Medium
2022-07-23,25.6,88,6.5,24.1,941.4,55,Medium,1.3,21.6,84.0,7,204,Medium
2022-07-24,23.8,92,19.2,22.6,940.6,63,Medium,6.5,24.1,88.0,7,205,Medium
2022-07-25,25.5,91,2.8,20.9,942.4,53,Medium,19.2,22.6,92.0,7,206,Medium
2022-07-26,27.2,86,4.1,18.4,944.2,55,Medium,2.8,20.9,91.0,7,207,Medium
2022-07-27,27.7,89,7.7,11.9,944.4,63,Medium,4.1,18.4,86.0,7,208,Medium
2022-07-28,29.3,84,2.9,13.7,945.3,55,Medium,7.7,11.9,89.0,7,209,Medium
2022-07-29,29.4,85,2.6,14.0,945.0,55,Medium,2.9,13.7,84.0,7,210,Medium
2022-07-30,28.9,84,1.4,14.4,943.9,51,Medium,2.6,14.0,85.0,7,211,Medium
2022-07-31,28.4,82,1.4,16.2,942.4,53,Medium,1.4,14.4,84.0,7,212,Medium
2022-08-01,28.2,84,1.2,16.7,942.4,51,Medium,1.4,16.2,82.0,8,213,Medium
2022-08-02,27.6,83,1.5,15.9,941.6,53,Medium,1.2,16.7,84.0,8,214,Medium
2022-08-03,29.7,85,6.4,13.2,940.8,63,Medium,1.5,15.9,83.0,8,215,Medium
2022-08-04,29.1,88,18.6,10.7,940.0,63,Medium,6.4,13.2,85.0,8,216,High
2022-08-05,27.4,91,39.9,11.5,938.4,63,High,18.6,10.7,88.0,8,217,Medium
2022-08-06,28.1,89,13.0,16.5,937.3,63,Medium,39.9,11.5,91.0,8,218,High
2022-08-07,28.6,88,25.2,11.3,936.8,63,High,13.0,16.5,89.0,8,219,Medium
2022-08-08,27.2,89,12.8,12.7,935.5,61,Medium,25.2,11.3,88.0,8,220,Medium
2022-08-09,25.5,91,3.4,34.5,934.2,51,Medium,12.8,12.7,89.0,8,221,Medium
2022-08-10,25.5,91,9.1,29.9,933.5,63,Medium,3.4,34.5,91.0,8,222,Medium
2022-08-11,25.8,90,8.1,36.3,934.7,53,Medium,9.1,29.9,91.0,8,223,Medium
2022-08-12,25.2,91,8.4,35.7,937.9,53,Medium,8.1,36.3,90.0,8,224,Medium
2022-08-13,26.0,90,10.3,30.2,940.1,63,Medium,8.4,35.7,91.0,8,225,Medium
2022-08-14,26.6,88,5.9,28.7,941.7,53,Medium,10.3,30.2,90.0,8,226,Medium
2022-08-15,24.5,92,8.5,27.1,941.5,55,Medium,5.9,28.7,88.0,8,227,Medium
2022-08-16,23.9,93,16.8,29.6,940.4,61,Medium,8.5,27.1,92.0,8,228,Medium
2022-08-17,25.0,91,6.3,29.4,942.2,53,Medium,16.8,29.6,93.0,8,229,Medium
2022-08-18,26.5,90,4.8,28.9,942.8,53,Medium,6.3,29.4,91.0,8,230,Medium
2022-08-19,26.8,88,2.3,25.3,943.3,53,Medium,4.8,28.9,90.0,8,231,Medium
2022-08-20,26.9,86,1.7,25.3,943.0,53,Medium,2.3,25.3,88.0,8,232,Medium
2022-08-21,26.7,87,2.1,23.7,941.8,51,Medium,1.7,25.3,86.0,8,233,Medium
2022-08-22,24.2,91,2.9,26.7,940.3,53,Medium,2.1,23.7,87.0,8,234,Medium
2022-08-23,25.1,89,2.7,26.8,940.6,51,Medium,2.9,26.7,91.0,8,235,Medium
2022-08-24,26.0,89,3.2,22.9,943.4,53,Medium,2.7,26.8,89.0,8,236,Medium
2022-08-25,27.1,87,3.1,17.9,943.6,53,Medium,3.2,22.9,89.0,8,237,Medium
2022-08-26,27.5,84,2.8,15.9,943.7,53,Medium,3.1,17.9,87.0,8,238,Medium
2022-08-27,27.4,83,1.0,15.9,943.9,51,Medium,2.8,15.9,84.0,8,239,Medium
2022-08-28,28.0,81,1.0,12.8,943.7,51,Medium,1.0,15.9,83.0,8,240,Medium
2022-08-29,29.7,80,0.1,15.8,944.9,51,Medium,1.0,12.8,81.0,8,241,Medium
2022-08-30,29.9,84,10.6,7.4,945.2,63,Medium,0.1,15.8,80.0,8,242,Medium
2022-08-31,29.8,87,5.3,12.0,943.9,63,Medium,10.6,7.4,84.0,8,243,Medium
2022-09-01,29.2,89,14.6,15.0,943.8,63,Medium,5.3,12.0,87.0,9,244,Medium
2022-09-02,30.1,84,1.0,11.9,944.4,51,Medium,14.6,15.0,89.0,9,245,Medium
2022-09-03,30.2,87,3.2,11.7,944.3,61,Medium,1.0,11.9,84.0,9,246,Medium
2022-09-04,27.8,89,9.6,14.8,944.2,63,Medium,3.2,11.7,87.0,9,247,Medium
2022-09-05,27.5,87,1.9,13.1,944.1,51,Medium,9.6,14.8,89.0,9,248,Medium
2022-09-06,28.3,87,1.5,10.2,943.8,53,Medium,1.9,13.1,87.0,9,249,Medium
2022-09-07,29.4,88,9.7,13.6,943.7,61,Medium,1.5,10.2,87.0,9,250,Medium
2022-09-08,28.5,90,15.8,14.2,942.7,63,Medium,9.7,13.6,88.0,9,251,Medium
2022-09-09,29.3,89,8.4,14.6,941.8,63,Medium,15.8,14.2,90.0,9,252,High
2022-09-10,29.5,90,26.5,12.7,941.6,63,High,8.4,14.6,89.0,9,253,Medium
2022-09-11,29.2,89,16.9,10.3,939.3,63,Medium,26.5,12.7,90.0,9,254,Medium
2022-09-12,26.6,90,14.0,12.2,937.8,61,Medium,16.9,10.3,89.0,9,255,Medium
2022-09-13,26.2,93,10.9,23.9,939.2,61,Medium,14.0,12.2,90.0,9,256,Medium
2022-09-14,25.1,91,3.1,28.3,941.6,53,Medium,10.9,23.9,93.0,9,257,Medium
2022-09-15,25.4,92,8.3,30.0,942.5,63,Medium,3.1,28.3,91.0,9,258,High
2022-09-16,23.4,94,56.6,21.5,941.7,65,High,8.3,30.0,92.0,9,259,Medium
2022-09-17,25.3,91,8.0,17.8,942.8,63,Medium,56.6,21.5,94.0,9,260,High
2022-09-18,24.9,92,29.1,16.3,944.4,63,High,8.0,17.8,91.0,9,261,Medium
2022-09-19,25.4,90,14.0,17.3,944.8,63,Medium,29.1,16.3,92.0,9,262,Medium
2022-09-20,25.7,89,0.9,16.5,944.5,51,Medium,14.0,17.3,90.0,9,263,Medium
2022-09-21,27.3,85,0.8,17.0,944.5,51,Medium,0.9,16.5,89.0,9,264,Medium
2022-09-22,26.2,86,1.9,19.5,944.7,53,Medium,0.8,17.0,85.0,9,265,Medium
2022-09-23,26.5,84,0.9,21.3,944.8,51,Medium,1.9,19.5,86.0,9,266,Medium
2022-09-24,27.8,86,2.0,17.1,944.4,51,Medium,0.9,21.3,84.0,9,267,Medium
2022-09-25,27.9,84,0.8,13.3,944.5,51,Medium,2.0,17.1,86.0,9,268,Medium
2022-09-26,26.0,89,1.5,13.6,946.1,51,Medium,0.8,13.3,84.0,9,269,Medium
2022-09-27,27.9,87,3.7,9.9,945.0,63,Medium,1.5,13.6,89.0,9,270,Medium
2022-09-28,27.9,90,11.4,14.8,944.0,63,Medium,3.7,9.9,87.0,9,271,Medium
2022-09-29,28.4,88,2.3,11.5,944.0,61,Medium,11.4,14.8,90.0,9,272,Medium
2022-09-30,29.1,86,1.4,14.6,944.6,55,Medium,2.3,11.5,88.0,9,273,Medium
2022-10-01,28.7,87,1.7,16.6,944.9,53,Medium,1.4,14.6,86.0,10,274,Medium
2022-10-02,27.6,85,2.3,13.3,945.3,53,Medium,1.7,16.6,87.0,10,275,Medium
2022-10-03,28.1,82,0.1,12.0,945.7,51,Medium,2.3,13.3,85.0,10,276,Medium
2022-10-04,28.4,83,0.3,12.4,945.7,51,Medium,0.1,12.0,82.0,10,277,Medium
2022-10-05,28.3,80,0.4,16.2,944.6,51,Medium,0.3,12.4,83.0,10,278,Medium
2022-10-06,28.6,80,8.9,17.4,942.8,63,Medium,0.4,16.2,80.0,10,279,Medium
2022-10-07,24.0,94,14.0,12.1,941.4,63,Medium,8.9,17.4,80.0,10,280,Medium
2022-10-08,25.1,91,5.1,23.2,943.5,61,Medium,14.0,12.1,94.0,10,281,Medium
2022-10-09,27.6,87,1.0,15.5,945.5,53,Medium,5.1,23.2,91.0,10,282,Medium
2022-10-10,28.9,88,9.6,6.9,946.8,63,Medium,1.0,15.5,87.0,10,283,Medium
2022-10-11,28.5,89,5.6,9.3,945.8,61,Medium,9.6,6.9,88.0,10,284,Medium
2022-10-12,27.7,88,2.6,10.1,946.2,61,Medium,5.6,9.3,89.0,10,285,Medium
2022-10-13,28.9,83,1.2,15.9,946.7,53,Medium,2.6,10.1,88.0,10,286,Medium
2022-10-14,28.6,83,8.0,18.6,946.7,63,Medium,1.2,15.9,83.0,10,287,Low
2022-10-15,27.7,68,0.0,18.6,946.0,1,Low,8.0,18.6,83.0,10,288,Low
2022-10-16,29.0,67,0.0,17.0,947.1,3,Low,0.0,18.6,68.0,10,289,Medium
2022-10-17,28.4,86,17.3,19.9,948.1,65,Medium,0.0,17.0,67.0,10,290,Medium
2022-10-18,27.3,89,4.9,12.3,947.7,63,Medium,17.3,19.9,86.0,10,291,Medium
2022-10-19,27.3,88,2.9,10.6,947.4,55,Medium,4.9,12.3,89.0,10,292,Medium
2022-10-20,27.4,88,0.5,13.1,947.9,51,Medium,2.9,10.6,88.0,10,293,Medium
2022-10-21,27.5,88,4.2,15.9,949.6,61,Medium,0.5,13.1,88.0,10,294,Low
2022-10-22,27.5,75,0.0,18.2,950.8,1,Low,4.2,15.9,88.0,10,295,Low
2022-10-23,27.2,65,0.0,14.4,949.9,0,Low,0.0,18.2,75.0,10,296,Low
2022-10-24,28.0,62,0.0,9.7,947.3,0,Low,0.0,14.4,65.0,10,297,Low
2022-10-25,28.1,61,0.0,9.2,947.2,0,Low,0.0,9.7,62.0,10,298,Low
2022-10-26,27.7,60,0.0,8.4,949.0,0,Low,0.0,9.2,61.0,10,299,Low
2022-10-27,27.5,62,0.0,11.2,949.0,0,Low,0.0,8.4,60.0,10,300,Low
2022-10-28,27.2,63,0.0,15.5,948.6,1,Low,0.0,11.2,62.0,10,301,Low
2022-10-29,27.7,62,0.0,16.7,948.6,0,Low,0.0,15.5,63.0,10,302,Low
2022-10-30,27.6,60,0.0,12.7,948.7,0,Low,0.0,16.7,62.0,10,303,Low
2022-10-31,27.5,54,0.0,11.2,948.4,0,Low,0.0,12.7,60.0,10,304,Low
2022-11-01,27.0,62,0.0,15.1,948.9,0,Low,0.0,11.2,54.0,11,305,Low
2022-11-02,28.5,59,0.0,16.4,948.5,0,Low,0.0,15.1,62.0,11,306,Low
2022-11-03,29.7,55,0.0,15.9,948.3,0,Low,0.0,16.4,59.0,11,307,Low
2022-11-04,28.9,55,0.0,19.1,949.1,0,Low,0.0,15.9,55.0,11,308,Low
2022-11-05,29.6,58,0.0,18.5,950.1,0,Low,0.0,19.1,55.0,11,309,Low
2022-11-06,29.7,54,0.0,16.5,950.4,0,Low,0.0,18.5,58.0,11,310,Low
2022-11-07,29.7,48,0.0,11.5,949.8,3,Low,0.0,16.5,54.0,11,311,Low
2022-11-08,29.9,51,0.0,12.5,949.4,3,Low,0.0,11.5,48.0,11,312,Low
2022-11-09,29.4,55,0.0,11.3,949.3,2,Low,0.0,12.5,51.0,11,313,Low
2022-11-10,28.2,55,0.0,13.6,950.0,0,Low,0.0,11.3,55.0,11,314,Low
2022-11-11,28.6,57,0.0,15.6,950.3,3,Low,0.0,13.6,55.0,11,315,Low
2022-11-12,28.3,61,0.0,16.6,950.1,2,Low,0.0,15.6,57.0,11,316,Low
2022-11-13,28.4,62,0.0,16.4,949.2,0,Low,0.0,16.6,61.0,11,317,Low
2022-11-14,29.0,65,0.0,12.3,949.2,3,Low,0.0,16.4,62.0,11,318,Low
2022-11-15,29.3,63,0.0,11.2,949.4,1,Low,0.0,12.3,65.0,11,319,Low
2022-11-16,28.4,63,0.0,9.9,948.8,0,Low,0.0,11.2,63.0,11,320,Low
2022-11-17,28.2,52,0.0,13.1,948.8,0,Low,0.0,9.9,63.0,11,321,Low
2022-11-18,26.7,48,0.0,14.8,948.9,0,Low,0.0,13.1,52.0,11,322,Low
2022-11-19,25.8,50,0.0,14.1,948.8,0,Low,0.0,14.8,48.0,11,323,Low
2022-11-20,26.0,51,0.0,15.2,947.5,0,Low,0.0,14.1,50.0,11,324,Low
2022-11-21,25.9,55,0.0,12.0,947.2,3,Low,0.0,15.2,51.0,11,325,Low
2022-11-22,27.4,60,0.0,11.5,947.5,3,Low,0.0,12.0,55.0,11,326,Low
2022-11-23,28.3,58,0.0,11.6,947.9,3,Low,0.0,11.5,60.0,11,327,Low
2022-11-24,28.4,59,0.0,11.9,947.7,3,Low,0.0,11.6,58.0,11,328,Low
2022-11-25,29.5,59,0.0,12.3,948.4,3,Low,0.0,11.9,59.0,11,329,Low
2022-11-26,30.0,60,0.0,12.3,947.5,3,Low,0.0,12.3,59.0,11,330,Low
2022-11-27,30.1,60,0.0,11.2,945.4,3,Low,0.0,12.3,60.0,11,331,Low
2022-11-28,29.6,59,0.0,9.9,945.9,0,Low,0.0,11.2,60.0,11,332,Low
2022-11-29,29.1,61,0.0,12.0,947.1,3,Low,0.0,9.9,59.0,11,333,Low
2022-11-30,28.9,59,0.0,11.9,948.2,3,Low,0.0,12.0,61.0,11,334,Low
2022-12-01,28.4,54,0.0,11.3,947.9,3,Low,0.0,11.9,59.0,12,335,Low
2022-12-02,29.0,55,0.0,16.4,947.0,3,Low,0.0,11.3,54.0,12,336,Low
2022-12-03,29.4,62,0.0,10.6,947.3,3,Low,0.0,16.4,55.0,12,337,Low
2022-12-04,29.0,66,0.0,11.6,948.4,3,Low,0.0,10.6,62.0,12,338,Medium
2022-12-05,29.6,71,0.2,10.1,949.2,51,Medium,0.0,11.6,66.0,12,339,Low
2022-12-06,30.4,64,0.0,12.6,949.0,2,Low,0.2,10.1,71.0,12,340,Low
2022-12-07,28.9,66,0.0,12.9,948.5,3,Low,0.0,12.6,64.0,12,341,Low
2022-12-08,27.2,63,0.0,13.4,948.2,3,Low,0.0,12.9,66.0,12,342,Low
2022-12-09,26.4,49,0.0,17.3,946.2,3,Low,0.0,13.4,63.0,12,343,Low
2022-12-10,27.2,52,0.0,11.9,945.8,1,Low,0.0,17.3,49.0,12,344,Low
2022-12-11,28.7,62,0.0,11.8,946.6,3,Low,0.0,11.9,52.0,12,345,Medium
2022-12-12,28.7,75,0.3,17.0,946.7,51,Medium,0.0,11.8,62.0,12,346,Medium
2022-12-13,29.1,75,0.3,18.4,947.5,51,Medium,0.3,17.0,75.0,12,347,Medium
2022-12-14,29.9,79,5.2,16.4,948.5,63,Medium,0.3,18.4,75.0,12,348,Medium
2022-12-15,28.8,82,0.4,11.8,948.3,51,Medium,5.2,16.4,79.0,12,349,Low
2022-12-16,29.0,75,0.0,9.1,947.7,3,Low,0.4,11.8,82.0,12,350,Low
2022-12-17,29.0,73,0.0,10.8,948.7,2,Low,0.0,9.1,75.0,12,351,Low
2022-12-18,28.8,67,0.0,11.9,948.5,3,Low,0.0,10.8,73.0,12,352,Low
2022-12-19,27.7,63,0.0,13.0,947.3,3,Low,0.0,11.9,67.0,12,353,Low
2022-12-20,28.8,58,0.0,10.5,946.5,3,Low,0.0,13.0,63.0,12,354,Low
2022-12-21,29.4,62,0.0,10.2,946.9,0,Low,0.0,10.5,58.0,12,355,Low
2022-12-22,29.8,62,0.0,9.1,946.7,0,Low,0.0,10.2,62.0,12,356,Low
2022-12-23,29.5,59,0.0,12.8,946.6,0,Low,0.0,9.1,62.0,12,357,Low
2022-12-24,27.3,55,0.0,8.8,946.9,3,Low,0.0,12.8,59.0,12,358,Low
2022-12-25,28.7,54,0.0,15.3,947.1,1,Low,0.0,8.8,55.0,12,359,Low
2022-12-26,29.4,51,0.0,14.0,948.5,0,Low,0.0,15.3,54.0,12,360,Low
2022-12-27,29.9,63,0.0,12.7,949.8,1,Low,0.0,14.0,51.0,12,361,Low
2022-12-28,29.8,59,0.0,11.2,950.9,0,Low,0.0,12.7,63.0,12,362,Low
2022-12-29,30.3,61,0.0,11.7,952.1,0,Low,0.0,11.2,59.0,12,363,Low
2022-12-30,30.2,53,0.0,13.0,952.9,0,Low,0.0,11.7,61.0,12,364,Low
2022-12-31,29.3,57,0.0,12.5,951.9,0,Low,0.0,13.0,53.0,12,365,Low
2023-01-01,28.4,60,0.0,10.2,951.2,3,Low,0.0,12.5,57.0,1,1,Low
2023-01-02,28.4,63,0.0,11.6,951.2,0,Low,0.0,10.2,60.0,1,2,Low
2023-01-03,28.5,62,0.0,13.2,951.0,3,Low,0.0,11.6,63.0,1,3,Low
2023-01-04,27.1,71,0.0,15.6,950.4,2,Low,0.0,13.2,62.0,1,4,Low
2023-01-05,27.7,72,0.0,18.9,951.3,3,Low,0.0,15.6,71.0,1,5,Low
2023-01-06,27.2,76,0.0,16.5,953.0,3,Low,0.0,18.9,72.0,1,6,Low
2023-01-07,27.1,74,0.0,14.8,952.8,2,Low,0.0,16.5,76.0,1,7,Low
2023-01-08,26.3,64,0.0,11.1,951.5,0,Low,0.0,14.8,74.0,1,8,Low
2023-01-09,26.2,54,0.0,13.0,951.8,0,Low,0.0,11.1,64.0,1,9,Low
2023-01-10,27.1,50,0.0,11.7,951.2,0,Low,0.0,13.0,54.0,1,10,Low
2023-01-11,29.4,54,0.0,12.3,949.1,0,Low,0.0,11.7,50.0,1,11,Low
2023-01-12,27.2,57,0.0,12.5,947.8,0,Low,0.0,12.3,54.0,1,12,Low
2023-01-13,25.8,66,0.0,10.7,948.5,3,Low,0.0,12.5,57.0,1,13,Low
2023-01-14,26.6,65,0.0,11.5,948.3,0,Low,0.0,10.7,66.0,1,14,Low
2023-01-15,27.6,62,0.0,11.3,947.1,1,Low,0.0,11.5,65.0,1,15,Low
2023-01-16,28.2,62,0.0,13.4,947.1,1,Low,0.0,11.3,62.0,1,16,Low
2023-01-17,28.9,61,0.0,12.3,947.9,1,Low,0.0,13.4,62.0,1,17,Low
2023-01-18,28.6,62,0.0,13.6,949.2,0,Low,0.0,12.3,61.0,1,18,Low
2023-01-19,30.1,60,0.0,13.8,949.1,0,Low,0.0,13.6,62.0,1,19,Low
2023-01-20,29.0,48,0.0,17.1,948.6,2,Low,0.0,13.8,60.0,1,20,Low
2023-01-21,28.7,51,0.0,15.3,948.6,0,Low,0.0,17.1,48.0,1,21,Low
2023-01-22,27.4,50,0.0,16.3,947.9,0,Low,0.0,15.3,51.0,1,22,Low
2023-01-23,27.5,54,0.0,17.1,947.1,0,Low,0.0,16.3,50.0,1,23,Low
2023-01-24,27.6,59,0.0,13.8,947.1,0,Low,0.0,17.1,54.0,1,24,Low
2023-01-25,27.2,55,0.0,14.7,947.6,2,Low,0.0,13.8,59.0,1,25,Low
2023-01-26,29.6,60,0.0,15.9,948.1,2,Low,0.0,14.7,55.0,1,26,Low
2023-01-27,29.7,65,0.0,15.4,948.7,1,Low,0.0,15.9,60.0,1,27,Low
2023-01-28,30.2,57,0.0,13.0,947.3,0,Low,0.0,15.4,65.0,1,28,Low
2023-01-29,28.7,71,0.0,20.5,945.5,2,Low,0.0,13.0,57.0,1,29,Medium
2023-01-30,28.6,73,0.3,13.6,948.5,51,Medium,0.0,20.5,71.0,1,30,Low
2023-01-31,28.9,64,0.0,13.8,949.3,2,Low,0.3,13.6,73.0,1,31,Low
2023-02-01,28.1,61,0.0,14.9,949.7,3,Low,0.0,13.8,64.0,2,32,Low
2023-02-02,29.0,54,0.0,15.9,949.6,3,Low,0.0,14.9,61.0,2,33,Low
2023-02-03,29.2,50,0.0,11.6,949.5,3,Low,0.0,15.9,54.0,2,34,Low
2023-02-04,29.8,46,0.0,10.1,948.2,0,Low,0.0,11.6,50.0,2,35,Low
2023-02-05,30.5,47,0.0,15.2,947.3,3,Low,0.0,10.1,46.0,2,36,Low
2023-02-06,30.4,47,0.0,15.9,947.4,2,Low,0.0,15.2,47.0,2,37,Low
2023-02-07,30.0,41,0.0,14.9,947.3,2,Low,0.0,15.9,47.0,2,38,Low
2023-02-08,31.6,47,0.0,9.4,948.1,3,Low,0.0,14.9,41.0,2,39,Low
2023-02-09,33.0,43,0.0,14.3,948.4,3,Low,0.0,9.4,47.0,2,40,Low
2023-02-10,33.8,34,0.0,17.3,949.5,3,Low,0.0,14.3,43.0,2,41,Low
2023-02-11,32.8,34,0.0,14.1,949.9,0,Low,0.0,17.3,34.0,2,42,Low
2023-02-12,31.6,42,0.0,15.8,950.9,0,Low,0.0,14.1,34.0,2,43,Low
2023-02-13,31.4,39,0.0,15.6,950.9,0,Low,0.0,15.8,42.0,2,44,Low
2023-02-14,31.8,34,0.0,13.1,950.3,0,Low,0.0,15.6,39.0,2,45,Low
2023-02-15,33.3,29,0.0,12.6,948.9,0,Low,0.0,13.1,34.0,2,46,Low
2023-02-16,33.8,30,0.0,14.4,949.7,0,Low,0.0,12.6,29.0,2,47,Low
2023-02-17,34.3,29,0.0,12.8,949.7,0,Low,0.0,14.4,30.0,2,48,Low
2023-02-18,33.1,31,0.0,14.9,949.3,0,Low,0.0,12.8,29.0,2,49,Low
2023-02-19,33.5,31,0.0,15.1,949.2,0,Low,0.0,14.9,31.0,2,50,Low
2023-02-20,34.5,31,0.0,17.9,949.1,0,Low,0.0,15.1,31.0,2,51,Low
2023-02-21,34.6,30,0.0,16.6,949.3,3,Low,0.0,17.9,31.0,2,52,Low
2023-02-22,34.2,28,0.0,16.1,948.9,3,Low,0.0,16.6,30.0,2,53,Low
2023-02-23,34.0,29,0.0,14.3,948.6,3,Low,0.0,16.1,28.0,2,54,Low
2023-02-24,33.7,28,0.0,14.8,949.6,0,Low,0.0,14.3,29.0,2,55,Low
2023-02-25,33.7,28,0.0,15.8,951.1,1,Low,0.0,14.8,28.0,2,56,Low
2023-02-26,34.0,28,0.0,17.3,951.6,0,Low,0.0,15.8,28.0,2,57,Low
2023-02-27,33.6,28,0.0,17.4,951.1,0,Low,0.0,17.3,28.0,2,58,Low
2023-02-28,34.0,28,0.0,14.8,950.9,3,Low,0.0,17.4,28.0,2,59,Low
2023-03-01,33.2,28,0.0,20.4,951.5,0,Low,0.0,14.8,28.0,3,60,Low
2023-03-02,34.0,29,0.0,13.8,952.1,3,Low,0.0,20.4,28.0,3,61,Low
2023-03-03,34.4,31,0.0,10.5,952.5,3,Low,0.0,13.8,29.0,3,62,Low
2023-03-04,35.1,31,0.0,13.8,952.3,3,Low,0.0,10.5,31.0,3,63,Medium
2023-03-05,34.1,35,0.2,17.8,952.5,51,Medium,0.0,13.8,31.0,3,64,Medium
2023-03-06,30.0,50,1.8,14.9,952.0,55,Medium,0.2,17.8,35.0,3,65,Medium
2023-03-07,30.5,51,4.0,15.9,950.9,61,Medium,1.8,14.9,50.0,3,66,Low
2023-03-08,31.7,41,0.0,12.2,950.7,1,Low,4.0,15.9,51.0,3,67,Low
2023-03-09,32.5,34,0.0,12.6,950.1,1,Low,0.0,12.2,41.0,3,68,Low
2023-03-10,32.2,33,0.0,14.8,949.7,1,Low,0.0,12.6,34.0,3,69,Low
2023-03-11,33.1,36,0.0,16.7,949.4,1,Low,0.0,14.8,33.0,3,70,Low
2023-03-12,33.5,38,0.0,19.4,948.8,3,Low,0.0,16.7,36.0,3,71,Medium
2023-03-13,32.8,36,0.1,15.4,948.0,51,Medium,0.0,19.4,38.0,3,72,Low
2023-03-14,32.2,37,0.0,11.0,946.8,3,Low,0.1,15.4,36.0,3,73,Medium
2023-03-15,30.8,41,0.6,14.8,945.5,51,Medium,0.0,11.0,37.0,3,74,Medium
2023-03-16,28.7,61,1.0,13.4,946.9,53,Medium,0.6,14.8,41.0,3,75,Medium
2023-03-17,28.8,67,0.8,12.7,946.6,53,Medium,1.0,13.4,61.0,3,76,Medium
2023-03-18,29.8,69,4.3,22.5,945.4,61,Medium,0.8,12.7,67.0,3,77,Low
2023-03-19,29.1,62,0.0,18.2,944.4,1,Low,4.3,22.5,69.0,3,78,Low
2023-03-20,28.6,61,0.0,16.9,944.4,3,Low,0.0,18.2,62.0,3,79,Low
2023-03-21,28.3,66,0.0,14.1,945.2,3,Low,0.0,16.9,61.0,3,80,Low
2023-03-22,28.8,65,0.0,17.5,946.1,3,Low,0.0,14.1,66.0,3,81,Low
2023-03-23,29.7,63,0.0,16.4,946.3,3,Low,0.0,17.5,65.0,3,82,Low
2023-03-24,31.3,62,0.0,15.9,946.3,1,Low,0.0,16.4,63.0,3,83,Low
2023-03-25,31.0,57,0.0,19.5,947.1,2,Low,0.0,15.9,62.0,3,84,Low
2023-03-26,30.4,49,0.0,15.8,946.9,0,Low,0.0,19.5,57.0,3,85,Low
2023-03-27,31.7,52,0.0,17.1,946.7,3,Low,0.0,15.8,49.0,3,86,Low
2023-03-28,32.5,52,0.0,15.5,946.2,3,Low,0.0,17.1,52.0,3,87,Low
2023-03-29,33.4,50,0.0,16.4,946.4,0,Low,0.0,15.5,52.0,3,88,Low
2023-03-30,31.2,59,0.0,16.6,945.9,3,Low,0.0,16.4,50.0,3,89,Medium
2023-03-31,30.0,54,0.1,19.2,945.7,51,Medium,0.0,16.6,59.0,3,90,Low
2023-04-01,31.8,52,0.0,19.6,946.2,2,Low,0.1,19.2,54.0,4,91,Low
2023-04-02,32.3,51,0.0,16.4,946.0,1,Low,0.0,19.6,52.0,4,92,Low
2023-04-03,33.4,55,0.0,19.4,945.8,1,Low,0.0,16.4,51.0,4,93,Low
2023-04-04,34.2,44,0.0,18.1,946.7,3,Low,0.0,19.4,55.0,4,94,Low
2023-04-05,35.1,32,0.0,18.6,946.6,2,Low,0.0,18.1,44.0,4,95,Low
2023-04-06,34.6,33,0.0,15.3,947.1,2,Low,0.0,18.6,32.0,4,96,Low
2023-04-07,34.6,38,0.0,19.3,948.4,3,Low,0.0,15.3,33.0,4,97,Low
2023-04-08,33.1,51,0.0,12.2,950.2,3,Low,0.0,19.3,38.0,4,98,Low
2023-04-09,34.4,44,0.0,9.2,950.1,3,Low,0.0,12.2,51.0,4,99,Low
2023-04-10,34.7,47,0.0,23.2,948.9,3,Low,0.0,9.2,44.0,4,100,Low
2023-04-11,36.3,42,0.0,9.7,949.0,2,Low,0.0,23.2,47.0,4,101,Low
2023-04-12,36.9,36,0.0,14.6,948.6,2,Low,0.0,9.7,42.0,4,102,Medium
2023-04-13,36.5,35,0.1,30.6,948.4,51,Medium,0.0,14.6,36.0,4,103,Low
2023-04-14,36.9,36,0.0,15.0,947.8,3,Low,0.1,30.6,35.0,4,104,Low
2023-04-15,36.7,40,0.0,15.5,947.6,3,Low,0.0,15.0,36.0,4,105,Low
2023-04-16,36.6,39,0.0,18.8,946.3,1,Low,0.0,15.5,40.0,4,106,Low
2023-04-17,36.9,32,0.0,13.5,946.6,2,Low,0.0,18.8,39.0,4,107,Low
2023-04-18,37.3,29,0.0,19.8,947.9,3,Low,0.0,13.5,32.0,4,108,Low
2023-04-19,37.8,31,0.0,19.4,945.6,3,Low,0.0,19.8,29.0,4,109,Low
2023-04-20,36.6,33,0.0,19.7,943.4,1,Low,0.0,19.4,31.0,4,110,Low
2023-04-21,35.1,37,0.0,20.1,943.5,1,Low,0.0,19.7,33.0,4,111,Low
2023-04-22,34.0,46,0.0,18.0,943.7,1,Low,0.0,20.1,37.0,4,112,Low
2023-04-23,33.3,48,0.0,15.9,944.0,2,Low,0.0,18.0,46.0,4,113,Low
2023-04-24,35.5,32,0.0,22.8,944.8,3,Low,0.0,15.9,48.0,4,114,Low
2023-04-25,36.0,30,0.0,17.6,945.0,3,Low,0.0,22.8,32.0,4,115,Low
2023-04-26,33.7,60,0.0,19.1,944.9,3,Low,0.0,17.6,30.0,4,116,Low
2023-04-27,33.4,58,0.0,16.5,945.5,3,Low,0.0,19.1,60.0,4,117,Medium
2023-04-28,33.5,53,0.2,18.2,946.1,51,Medium,0.0,16.5,58.0,4,118,Low
2023-04-29,31.9,56,0.0,19.5,945.4,2,Low,0.2,18.2,53.0,4,119,Medium
2023-04-30,30.9,61,1.1,21.3,943.9,53,Medium,0.0,19.5,56.0,4,120,Low
2023-05-01,29.4,60,0.0,15.9,943.7,3,Low,1.1,21.3,61.0,5,121,Low
2023-05-02,31.6,60,0.0,12.6,944.5,3,Low,0.0,15.9,60.0,5,122,Low
2023-05-03,32.5,62,0.0,14.5,945.9,1,Low,0.0,12.6,60.0,5,123,Low
2023-05-04,32.5,59,0.0,10.3,945.5,2,Low,0.0,14.5,62.0,5,124,Low
2023-05-05,34.2,61,0.0,11.3,944.9,3,Low,0.0,10.3,59.0,5,125,Medium
2023-05-06,33.1,62,0.5,17.8,945.0,51,Medium,0.0,11.3,61.0,5,126,Medium
2023-05-07,33.1,59,0.5,15.5,945.1,53,Medium,0.5,17.8,62.0,5,127,Medium
2023-05-08,34.9,52,0.1,15.0,944.6,51,Medium,0.5,15.5,59.0,5,128,Medium
2023-05-09,37.4,51,0.1,20.4,945.0,51,Medium,0.1,15.0,52.0,5,129,Low
2023-05-10,39.4,41,0.0,18.4,944.6,3,Low,0.1,20.4,51.0,5,130,Low
2023-05-11,39.7,32,0.0,19.0,944.9,3,Low,0.0,18.4,41.0,5,131,Low
2023-05-12,39.3,34,0.0,20.8,945.1,2,Low,0.0,19.0,32.0,5,132,Low
2023-05-13,38.5,41,0.0,19.1,945.5,1,Low,0.0,20.8,34.0,5,133,Low
2023-05-14,37.2,52,0.0,19.7,944.7,1,Low,0.0,19.1,41.0,5,134,Low
2023-05-15,35.8,61,0.0,21.3,945.5,0,Low,0.0,19.7,52.0,5,135,Low
2023-05-16,35.2,61,0.0,23.3,946.9,2,Low,0.0,21.3,61.0,5,136,Low
2023-05-17,36.1,58,0.0,18.6,947.3,3,Low,0.0,23.3,61.0,5,137,Low
2023-05-18,36.1,53,0.0,18.7,948.5,1,Low,0.0,18.6,58.0,5,138,Low
2023-05-19,37.9,45,0.0,19.2,947.0,1,Low,0.0,18.7,53.0,5,139,Low
2023-05-20,36.5,52,0.0,15.6,946.3,1,Low,0.0,19.2,45.0,5,140,Low
2023-05-21,36.3,58,0.0,17.2,947.0,1,Low,0.0,15.6,52.0,5,141,Low
2023-05-22,36.3,53,0.0,16.1,947.6,1,Low,0.0,17.2,58.0,5,142,Low
2023-05-23,37.5,46,0.0,18.2,947.6,1,Low,0.0,16.1,53.0,5,143,Low
2023-05-24,36.5,57,0.0,20.2,947.0,1,Low,0.0,18.2,46.0,5,144,Low
2023-05-25,35.4,62,0.0,22.7,947.3,1,Low,0.0,20.2,57.0,5,145,Low
2023-05-26,34.6,63,0.0,24.7,947.6,1,Low,0.0,22.7,62.0,5,146,Low
2023-05-27,34.5,64,0.0,23.3,946.6,1,Low,0.0,24.7,63.0,5,147,Low
2023-05-28,36.0,61,0.0,17.9,946.2,1,Low,0.0,23.3,64.0,5,148,Low
2023-05-29,37.5,54,0.0,19.0,946.0,1,Low,0.0,17.9,61.0,5,149,Low
2023-05-30,37.4,43,0.0,18.6,946.2,1,Low,0.0,19.0,54.0,5,150,Low
2023-05-31,37.5,42,0.0,18.1,945.9,1,Low,0.0,18.6,43.0,5,151,Low
2023-06-01,37.4,38,0.0,17.3,945.5,1,Low,0.0,18.1,42.0,6,152,Low
2023-06-02,35.7,57,0.0,21.6,946.0,1,Low,0.0,17.3,38.0,6,153,Low
2023-06-03,35.6,62,0.0,21.2,945.5,2,Low,0.0,21.6,57.0,6,154,Medium
2023-06-04,33.4,67,1.5,18.2,945.4,53,Medium,0.0,21.2,62.0,6,155,Medium
2023-06-05,33.8,68,0.2,18.1,944.6,51,Medium,1.5,18.2,67.0,6,156,Low
2023-06-06,35.6,63,0.0,16.2,944.4,1,Low,0.2,18.1,68.0,6,157,Low
2023-06-07,35.7,61,0.0,15.7,944.1,2,Low,0.0,16.2,63.0,6,158,Low
2023-06-08,36.1,60,0.0,15.8,944.7,3,Low,0.0,15.7,61.0,6,159,Medium
2023-06-09,36.6,65,0.3,23.3,942.9,51,Medium,0.0,15.8,60.0,6,160,Medium
2023-06-10,35.2,64,1.7,20.9,941.7,55,Medium,0.3,23.3,65.0,6,161,Medium
2023-06-11,35.2,58,1.9,25.5,941.1,55,Medium,1.7,20.9,64.0,6,162,Medium
2023-06-12,34.5,57,1.3,26.1,940.8,61,Medium,1.9,25.5,58.0,6,163,Medium
2023-06-13,33.2,65,1.5,28.8,941.8,53,Medium,1.3,26.1,57.0,6,164,Medium
2023-06-14,32.5,73,0.8,35.6,943.3,51,Medium,1.5,28.8,65.0,6,165,Medium
2023-06-15,33.0,70,0.9,31.3,943.4,51,Medium,0.8,35.6,73.0,6,166,Medium
2023-06-16,30.6,78,2.4,36.7,942.3,53,Medium,0.9,31.3,70.0,6,167,Medium
2023-06-17,32.1,78,0.6,31.3,943.0,51,Medium,2.4,36.7,78.0,6,168,Medium
2023-06-18,32.3,73,1.6,27.4,943.6,53,Medium,0.6,31.3,78.0,6,169,Low
2023-06-19,33.5,70,0.0,26.2,942.8,3,Low,1.6,27.4,73.0,6,170,Medium
2023-06-20,33.3,69,1.4,22.8,942.2,53,Medium,0.0,26.2,70.0,6,171,Medium
2023-06-21,33.0,69,1.8,20.5,942.7,55,Medium,1.4,22.8,69.0,6,172,Medium
2023-06-22,33.2,68,0.9,19.9,942.9,51,Medium,1.8,20.5,69.0,6,173,Medium
2023-06-23,32.4,71,1.9,21.1,942.5,61,Medium,0.9,19.9,68.0,6,174,Medium
2023-06-24,29.1,81,2.2,17.1,941.1,53,Medium,1.9,21.1,71.0,6,175,Medium
2023-06-25,28.2,85,2.6,26.8,940.8,53,Medium,2.2,17.1,81.0,6,176,Medium
2023-06-26,25.0,93,11.1,22.6,941.6,61,Medium,2.6,26.8,85.0,6,177,Medium
2023-06-27,25.2,92,7.7,19.1,941.4,61,Medium,11.1,22.6,93.0,6,178,Medium
2023-06-28,25.4,93,16.2,19.5,941.9,63,Medium,7.7,19.1,92.0,6,179,Medium
2023-06-29,24.5,92,13.9,24.8,941.8,61,Medium,16.2,19.5,93.0,6,180,Medium
2023-06-30,24.6,93,17.2,26.0,941.6,63,Medium,13.9,24.8,92.0,6,181,High
2023-07-01,24.8,93,20.5,30.0,942.5,63,High,17.2,26.0,93.0,7,182,Medium
2023-07-02,27.0,90,6.1,22.9,942.4,61,Medium,20.5,30.0,93.0,7,183,Medium
2023-07-03,28.8,87,3.7,18.4,941.1,61,Medium,6.1,22.9,90.0,7,184,Medium
2023-07-04,28.6,87,3.0,17.8,939.4,53,Medium,3.7,18.4,87.0,7,185,High
2023-07-05,28.5,91,20.8,15.3,937.8,65,High,3.0,17.8,87.0,7,186,Medium
2023-07-06,27.9,90,10.2,26.0,938.7,63,Medium,20.8,15.3,91.0,7,187,Medium
2023-07-07,26.8,91,6.9,25.5,939.6,61,Medium,10.2,26.0,90.0,7,188,Medium
2023-07-08,25.3,91,7.1,27.9,941.0,55,Medium,6.9,25.5,91.0,7,189,Medium
2023-07-09,26.9,90,6.2,30.4,942.0,53,Medium,7.1,27.9,91.0,7,190,Medium
2023-07-10,27.0,86,3.1,26.4,942.6,53,Medium,6.2,30.4,90.0,7,191,Medium
2023-07-11,27.7,86,3.6,23.9,943.0,53,Medium,3.1,26.4,86.0,7,192,Medium
2023-07-12,26.8,89,5.4,18.8,942.0,61,Medium,3.6,23.9,86.0,7,193,Medium
2023-07-13,28.0,89,4.7,18.4,941.7,61,Medium,5.4,18.8,89.0,7,194,Medium
2023-07-14,27.2,89,15.6,19.9,942.8,63,Medium,4.7,18.4,89.0,7,195,Medium
2023-07-15,26.6,89,8.9,23.3,943.2,61,Medium,15.6,19.9,89.0,7,196,Medium
2023-07-16,25.5,91,4.6,19.6,942.5,53,Medium,8.9,23.3,89.0,7,197,Medium
2023-07-17,26.1,90,3.3,21.3,941.3,51,Medium,4.6,19.6,91.0,7,198,Medium
2023-07-18,25.8,92,15.6,22.4,939.8,63,Medium,3.3,21.3,90.0,7,199,Medium
2023-07-19,25.6,91,10.8,26.3,937.8,61,Medium,15.6,22.4,92.0,7,200,Medium
2023-07-20,26.9,88,9.3,32.1,938.2,63,Medium,10.8,26.3,91.0,7,201,Medium
2023-07-21,27.6,90,7.4,21.8,940.2,61,Medium,9.3,32.1,88.0,7,202,Medium
2023-07-22,25.6,92,16.8,25.8,940.3,61,Medium,7.4,21.8,90.0,7,203,Medium
2023-07-23,27.0,90,9.9,29.6,939.7,61,Medium,16.8,25.8,92.0,7,204,Medium
2023-07-24,26.3,90,8.3,26.6,940.2,63,Medium,9.9,29.6,90.0,7,205,Medium
2023-07-25,26.9,89,6.3,21.2,942.0,61,Medium,8.3,26.6,90.0,7,206,Medium
2023-07-26,26.2,91,14.1,18.8,942.8,63,Medium,6.3,21.2,89.0,7,207,Medium
2023-07-27,25.4,91,16.9,24.5,942.7,63,Medium,14.1,18.8,91.0,7,208,Medium
2023-07-28,24.9,92,18.1,24.1,942.8,63,Medium,16.9,24.5,91.0,7,209,Medium
2023-07-29,24.8,91,4.4,24.0,943.4,61,Medium,18.1,24.1,92.0,7,210,Medium
2023-07-30,26.6,88,4.4,27.1,942.7,53,Medium,4.4,24.0,91.0,7,211,Medium
2023-07-31,26.9,89,4.4,26.7,942.2,53,Medium,4.4,27.1,88.0,7,212,Medium
2023-08-01,26.6,88,3.3,29.3,942.2,51,Medium,4.4,26.7,89.0,8,213,Medium
2023-08-02,26.4,88,4.5,30.7,942.5,53,Medium,3.3,29.3,88.0,8,214,Medium
2023-08-03,25.9,88,2.8,31.7,942.0,53,Medium,4.5,30.7,88.0,8,215,Medium
2023-08-04,26.5,90,1.8,29.3,943.1,51,Medium,2.8,31.7,88.0,8,216,Medium
2023-08-05,26.6,90,3.7,28.7,945.0,53,Medium,1.8,29.3,90.0,8,217,Medium
2023-08-06,26.4,88,2.4,31.5,944.4,51,Medium,3.7,28.7,90.0,8,218,Medium
2023-08-07,27.4,86,1.2,30.5,942.8,51,Medium,2.4,31.5,88.0,8,219,Medium
2023-08-08,27.3,85,1.1,28.1,943.3,51,Medium,1.2,30.5,86.0,8,220,Medium
2023-08-09,27.3,85,2.1,24.5,945.5,53,Medium,1.1,28.1,85.0,8,221,Medium
2023-08-10,26.5,87,2.1,21.0,946.2,51,Medium,2.1,24.5,85.0,8,222,Medium
2023-08-11,27.5,82,1.6,20.0,945.9,51,Medium,2.1,21.0,87.0,8,223,Medium
2023-08-12,26.9,85,2.5,23.2,945.4,53,Medium,1.6,20.0,82.0,8,224,Medium
2023-08-13,26.8,86,4.2,25.5,943.9,53,Medium,2.5,23.2,85.0,8,225,Medium
2023-08-14,26.7,86,2.4,25.4,944.2,51,Medium,4.2,25.5,86.0,8,226,Medium
2023-08-15,26.2,86,1.5,22.3,944.9,51,Medium,2.4,25.4,86.0,8,227,Medium
2023-08-16,28.5,82,1.0,21.7,945.4,51,Medium,1.5,22.3,86.0,8,228,Medium
2023-08-17,27.5,80,0.4,21.6,945.5,51,Medium,1.0,21.7,82.0,8,229,Medium
2023-08-18,27.6,81,0.4,21.4,944.2,51,Medium,0.4,21.6,80.0,8,230,Medium
2023-08-19,27.4,84,1.0,21.6,943.0,51,Medium,0.4,21.4,81.0,8,231,Medium
2023-08-20,27.1,84,4.5,22.5,942.9,61,Medium,1.0,21.6,84.0,8,232,Medium
2023-08-21,27.4,83,1.2,21.0,943.5,51,Medium,4.5,22.5,84.0,8,233,Medium
2023-08-22,27.8,87,3.5,19.1,943.6,55,Medium,1.2,21.0,83.0,8,234,Medium
2023-08-23,27.5,86,2.0,21.9,943.4,51,Medium,3.5,19.1,87.0,8,235,Medium
2023-08-24,27.5,85,1.5,25.6,942.6,51,Medium,2.0,21.9,86.0,8,236,Medium
2023-08-25,27.2,88,3.9,26.1,942.6,51,Medium,1.5,25.6,85.0,8,237,Medium
2023-08-26,26.2,89,4.4,24.3,944.0,53,Medium,3.9,26.1,88.0,8,238,Medium
2023-08-27,26.9,88,2.2,21.1,944.9,53,Medium,4.4,24.3,89.0,8,239,Medium
2023-08-28,27.8,85,2.4,21.7,944.5,51,Medium,2.2,21.1,88.0,8,240,Medium
2023-08-29,28.2,83,2.6,17.2,944.7,51,Medium,2.4,21.7,85.0,8,241,Medium
2023-08-30,29.8,80,0.4,11.9,945.6,51,Medium,2.6,17.2,83.0,8,242,Medium
2023-08-31,29.8,80,0.2,13.8,945.6,51,Medium,0.4,11.9,80.0,8,243,Medium
2023-09-01,30.8,77,0.2,10.8,945.5,51,Medium,0.2,13.8,80.0,9,244,Medium
2023-09-02,29.3,83,4.8,13.6,945.2,61,Medium,0.2,10.8,77.0,9,245,Medium
2023-09-03,28.9,83,2.1,16.1,944.2,53,Medium,4.8,13.6,83.0,9,246,Medium
2023-09-04,28.2,81,1.2,17.7,943.1,51,Medium,2.1,16.1,83.0,9,247,Medium
2023-09-05,29.5,78,0.1,17.1,942.6,51,Medium,1.2,17.7,81.0,9,248,Medium
2023-09-06,28.3,83,5.1,19.2,942.4,63,Medium,0.1,17.1,78.0,9,249,Medium
2023-09-07,26.9,87,5.4,24.9,941.6,61,Medium,5.1,19.2,83.0,9,250,High
2023-09-08,24.8,93,20.2,23.0,941.7,63,High,5.4,24.9,87.0,9,251,Medium
2023-09-09,27.5,87,2.4,24.6,942.1,53,Medium,20.2,23.0,93.0,9,252,Medium
2023-09-10,28.2,86,0.8,24.9,942.1,51,Medium,2.4,24.6,87.0,9,253,Medium
2023-09-11,27.4,86,1.6,23.3,943.0,53,Medium,0.8,24.9,86.0,9,254,Medium
2023-09-12,28.2,81,0.3,21.3,943.7,51,Medium,1.6,23.3,86.0,9,255,Medium
2023-09-13,27.7,84,1.3,19.7,943.2,53,Medium,0.3,21.3,81.0,9,256,Medium
2023-09-14,28.0,84,1.9,18.0,943.5,51,Medium,1.3,19.7,84.0,9,257,Medium
2023-09-15,27.6,85,1.2,18.4,943.2,51,Medium,1.9,18.0,84.0,9,258,Medium
2023-09-16,24.0,93,7.8,25.3,942.2,61,Medium,1.2,18.4,85.0,9,259,Medium
2023-09-17,25.9,91,2.2,29.8,941.4,53,Medium,7.8,25.3,93.0,9,260,Medium
2023-09-18,26.8,90,4.9,26.4,941.6,55,Medium,2.2,29.8,91.0,9,261,Medium
2023-09-19,26.9,90,3.0,24.1,943.2,51,Medium,4.9,26.4,90.0,9,262,Medium
2023-09-20,27.5,91,5.3,19.5,944.1,61,Medium,3.0,24.1,90.0,9,263,Medium
2023-09-21,28.7,89,10.2,12.6,944.5,63,Medium,5.3,19.5,91.0,9,264,Medium
2023-09-22,26.6,93,17.0,10.4,944.8,63,Medium,10.2,12.6,89.0,9,265,Medium
2023-09-23,28.2,90,12.5,12.8,945.2,61,Medium,17.0,10.4,93.0,9,266,Medium
2023-09-24,26.6,90,7.1,11.9,945.4,63,Medium,12.5,12.8,90.0,9,267,Medium
2023-09-25,28.6,87,1.8,11.9,944.6,53,Medium,7.1,11.9,90.0,9,268,Medium
2023-09-26,29.4,87,6.2,11.7,944.5,63,Medium,1.8,11.9,87.0,9,269,High
2023-09-27,29.0,90,20.0,12.0,944.1,65,High,6.2,11.7,87.0,9,270,Medium
2023-09-28,29.1,86,2.5,10.5,943.3,53,Medium,20.0,12.0,90.0,9,271,Medium
2023-09-29,29.2,87,11.5,13.7,943.2,63,Medium,2.5,10.5,86.0,9,272,Medium
2023-09-30,31.1,78,0.2,14.8,943.0,51,Medium,11.5,13.7,87.0,9,273,Low
2023-10-01,31.2,67,0.0,14.9,942.8,3,Low,0.2,14.8,78.0,10,274,Medium
2023-10-02,28.5,83,0.9,16.6,945.1,51,Medium,0.0,14.9,67.0,10,275,Low
2023-10-03,29.5,79,0.0,14.9,946.6,3,Low,0.9,16.6,83.0,10,276,Low
2023-10-04,30.3,75,0.0,11.0,947.2,3,Low,0.0,14.9,79.0,10,277,Low
2023-10-05,30.1,76,0.0,12.6,947.0,3,Low,0.0,11.0,75.0,10,278,Low
2023-10-06,30.1,75,0.0,16.6,946.1,3,Low,0.0,12.6,76.0,10,279,Low
2023-10-07,30.4,72,0.0,12.9,946.5,3,Low,0.0,16.6,75.0,10,280,Low
2023-10-08,30.8,69,0.0,11.5,947.6,3,Low,0.0,12.9,72.0,10,281,Low
2023-10-09,31.7,65,0.0,14.1,948.8,2,Low,0.0,11.5,69.0,10,282,Low
2023-10-10,30.9,64,0.0,13.4,948.7,2,Low,0.0,14.1,65.0,10,283,Low
2023-10-11,31.1,68,0.0,14.8,948.5,2,Low,0.0,13.4,64.0,10,284,Low
2023-10-12,31.9,63,0.0,12.1,949.1,2,Low,0.0,14.8,68.0,10,285,Low
2023-10-13,31.7,62,0.0,8.9,949.4,2,Low,0.0,12.1,63.0,10,286,Low
2023-10-14,31.6,57,0.0,10.5,949.3,3,Low,0.0,8.9,62.0,10,287,Medium
2023-10-15,30.5,62,0.1,12.8,948.1,51,Medium,0.0,10.5,57.0,10,288,Low
2023-10-16,30.3,65,0.0,9.4,947.9,2,Low,0.1,12.8,62.0,10,289,Medium
2023-10-17,30.4,65,0.4,10.7,949.2,51,Medium,0.0,9.4,65.0,10,290,Low
2023-10-18,30.0,64,0.0,9.6,949.9,1,Low,0.4,10.7,65.0,10,291,Low
2023-10-19,31.6,55,0.0,17.8,949.5,0,Low,0.0,9.6,64.0,10,292,Low
2023-10-20,31.3,54,0.0,12.9,949.5,3,Low,0.0,17.8,55.0,10,293,Medium
2023-10-21,30.4,66,0.3,13.9,950.1,51,Medium,0.0,12.9,54.0,10,294,Low
2023-10-22,31.0,58,0.0,10.3,950.2,3,Low,0.3,13.9,66.0,10,295,Low
2023-10-23,31.4,51,0.0,10.3,949.1,3,Low,0.0,10.3,58.0,10,296,Low
2023-10-24,31.1,53,0.0,10.3,948.8,3,Low,0.0,10.3,51.0,10,297,Low
2023-10-25,30.9,52,0.0,10.9,950.1,3,Low,0.0,10.3,53.0,10,298,Low
2023-10-26,30.6,47,0.0,11.6,950.3,3,Low,0.0,10.9,52.0,10,299,Low
2023-10-27,30.3,44,0.0,13.2,949.0,1,Low,0.0,11.6,47.0,10,300,Low
2023-10-28,30.2,46,0.0,11.0,948.7,2,Low,0.0,13.2,44.0,10,301,Low
2023-10-29,30.5,47,0.0,10.6,948.3,1,Low,0.0,11.0,46.0,10,302,Low
2023-10-30,30.5,47,0.0,12.1,948.3,3,Low,0.0,10.6,47.0,10,303,Low
2023-10-31,30.5,50,0.0,14.9,949.0,2,Low,0.0,12.1,47.0,10,304,Low
2023-11-01,30.0,54,0.0,13.3,949.6,0,Low,0.0,14.9,50.0,11,305,Low
2023-11-02,29.8,56,0.0,12.6,948.8,2,Low,0.0,13.3,54.0,11,306,Low
2023-11-03,30.4,52,0.0,11.2,947.4,3,Low,0.0,12.6,56.0,11,307,Low
2023-11-04,30.9,50,0.0,14.6,947.2,3,Low,0.0,11.2,52.0,11,308,Low
2023-11-05,30.8,48,0.0,13.7,948.6,3,Low,0.0,14.6,50.0,11,309,Low
2023-11-06,30.7,45,0.0,15.0,949.6,3,Low,0.0,13.7,48.0,11,310,Low
2023-11-07,30.3,47,0.0,14.4,949.4,3,Low,0.0,15.0,45.0,11,311,Low
2023-11-08,30.8,50,0.0,10.8,949.0,3,Low,0.0,14.4,47.0,11,312,Low
2023-11-09,31.0,55,0.0,12.9,949.4,3,Low,0.0,10.8,50.0,11,313,Medium
2023-11-10,30.6,68,3.4,16.4,950.6,63,Medium,0.0,12.9,55.0,11,314,Low
2023-11-11,32.1,61,0.0,13.4,951.2,3,Low,3.4,16.4,68.0,11,315,Low
2023-11-12,31.5,52,0.0,12.1,951.3,3,Low,0.0,13.4,61.0,11,316,Low
2023-11-13,30.9,49,0.0,11.2,950.6,3,Low,0.0,12.1,52.0,11,317,Low
2023-11-14,30.3,49,0.0,11.2,949.9,3,Low,0.0,11.2,49.0,11,318,Low
2023-11-15,29.3,49,0.0,10.5,949.6,0,Low,0.0,11.2,49.0,11,319,Low
2023-11-16,29.0,51,0.0,10.8,949.8,0,Low,0.0,10.5,49.0,11,320,Low
2023-11-17,28.6,56,0.0,11.2,949.7,0,Low,0.0,10.8,51.0,11,321,Low
2023-11-18,29.1,58,0.0,13.2,949.1,0,Low,0.0,11.2,56.0,11,322,Low
2023-11-19,30.6,59,0.0,16.5,949.1,3,Low,0.0,13.2,58.0,11,323,Low
2023-11-20,30.3,56,0.0,12.9,949.8,1,Low,0.0,16.5,59.0,11,324,Low
2023-11-21,29.3,56,0.0,12.4,949.5,3,Low,0.0,12.9,56.0,11,325,Low
2023-11-22,28.8,58,0.0,12.5,948.5,0,Low,0.0,12.4,56.0,11,326,Low
2023-11-23,29.0,62,0.0,9.7,946.9,0,Low,0.0,12.5,58.0,11,327,Low
2023-11-24,29.2,70,0.0,13.6,947.5,1,Low,0.0,9.7,62.0,11,328,Medium
2023-11-25,29.1,71,0.1,16.0,948.9,51,Medium,0.0,13.6,70.0,11,329,Medium
2023-11-26,28.1,79,15.1,15.8,948.7,63,Medium,0.1,16.0,71.0,11,330,Medium
2023-11-27,25.9,87,4.4,12.8,947.6,63,Medium,15.1,15.8,79.0,11,331,Medium
2023-11-28,27.0,82,1.4,10.7,946.7,53,Medium,4.4,12.8,87.0,11,332,Medium
2023-11-29,26.9,82,0.1,13.4,947.3,51,Medium,1.4,10.7,82.0,11,333,Medium
2023-11-30,27.6,83,1.3,11.4,947.8,53,Medium,0.1,13.4,82.0,11,334,Medium
2023-12-01,27.8,79,0.1,11.7,947.6,51,Medium,1.3,11.4,83.0,12,335,Medium
2023-12-02,28.1,78,0.3,16.2,947.4,51,Medium,0.1,11.7,79.0,12,336,Medium
2023-12-03,28.6,78,0.1,15.0,948.0,51,Medium,0.3,16.2,78.0,12,337,Low
2023-12-04,28.0,76,0.0,9.7,947.2,3,Low,0.1,15.0,78.0,12,338,Medium
2023-12-05,27.5,77,0.1,12.8,946.5,51,Medium,0.0,9.7,76.0,12,339,Medium
2023-12-06,25.7,81,0.8,14.9,947.1,51,Medium,0.1,12.8,77.0,12,340,Medium
2023-12-07,26.2,76,0.2,12.6,947.5,51,Medium,0.8,14.9,81.0,12,341,Low
2023-12-08,27.0,73,0.0,12.8,948.2,2,Low,0.2,12.6,76.0,12,342,Low
2023-12-09,27.1,74,0.0,12.8,949.4,1,Low,0.0,12.8,73.0,12,343,Low
2023-12-10,27.4,72,0.0,11.8,948.4,1,Low,0.0,12.8,74.0,12,344,Low
2023-12-11,28.4,68,0.0,12.1,948.4,3,Low,0.0,11.8,72.0,12,345,Low
2023-12-12,28.0,71,0.0,14.3,947.3,3,Low,0.0,12.1,68.0,12,346,Low
2023-12-13,27.4,67,0.0,11.0,948.2,3,Low,0.0,14.3,71.0,12,347,Low
2023-12-14,27.1,66,0.0,12.8,949.7,3,Low,0.0,11.0,67.0,12,348,Low
2023-12-15,26.2,66,0.0,13.2,950.4,1,Low,0.0,12.8,66.0,12,349,Low
2023-12-16,25.9,64,0.0,10.2,949.8,0,Low,0.0,13.2,66.0,12,350,Low
2023-12-17,26.2,64,0.0,15.4,949.5,1,Low,0.0,10.2,64.0,12,351,Low
2023-12-18,25.7,64,0.0,18.2,950.8,3,Low,0.0,15.4,64.0,12,352,Low
2023-12-19,25.5,60,0.0,19.1,951.5,3,Low,0.0,18.2,64.0,12,353,Low
2023-12-20,25.9,56,0.0,18.5,951.1,3,Low,0.0,19.1,60.0,12,354,Low
2023-12-21,26.9,55,0.0,15.8,950.1,3,Low,0.0,18.5,56.0,12,355,Low
2023-12-22,28.1,60,0.0,11.2,949.9,3,Low,0.0,15.8,55.0,12,356,Low
2023-12-23,29.6,58,0.0,11.0,950.3,3,Low,0.0,11.2,60.0,12,357,Low
2023-12-24,29.2,51,0.0,12.6,951.9,1,Low,0.0,11.0,58.0,12,358,Low
2023-12-25,29.4,58,0.0,11.0,951.6,0,Low,0.0,12.6,51.0,12,359,Low
2023-12-26,30.0,53,0.0,15.3,951.4,0,Low,0.0,11.0,58.0,12,360,Low
2023-12-27,30.0,57,0.0,8.4,951.6,3,Low,0.0,15.3,53.0,12,361,Low
2023-12-28,29.5,63,0.0,10.4,950.0,3,Low,0.0,8.4,57.0,12,362,Low
2023-12-29,29.6,63,0.0,9.7,949.9,3,Low,0.0,10.4,63.0,12,363,Low
2023-12-30,29.7,62,0.0,10.2,949.5,3,Low,0.0,9.7,63.0,12,364,Low
2023-12-31,29.1,60,0.0,9.6,948.9,3,Low,0.0,10.2,62.0,12,365,Low
2024-01-01,28.7,64,0.0,14.3,949.0,2,Low,0.0,9.6,60.0,1,1,Low
2024-01-02,29.0,65,0.0,14.6,948.2,2,Low,0.0,14.3,64.0,1,2,Low
2024-01-03,28.5,69,0.0,13.5,947.5,1,Low,0.0,14.6,65.0,1,3,Low
2024-01-04,28.3,66,0.0,12.7,947.5,1,Low,0.0,13.5,69.0,1,4,Low
2024-01-05,27.8,68,0.0,15.8,948.0,3,Low,0.0,12.7,66.0,1,5,Medium
2024-01-06,26.9,71,0.5,15.9,948.7,51,Medium,0.0,15.8,68.0,1,6,Medium
2024-01-07,28.2,69,0.6,14.4,948.9,51,Medium,0.5,15.9,71.0,1,7,Low
2024-01-08,29.2,64,0.0,17.2,949.2,3,Low,0.6,14.4,69.0,1,8,Medium
2024-01-09,29.1,62,0.4,12.0,949.4,51,Medium,0.0,17.2,64.0,1,9,Medium
2024-01-10,27.8,76,6.0,12.6,949.7,63,Medium,0.4,12.0,62.0,1,10,Low
2024-01-11,29.1,71,0.0,12.4,950.2,1,Low,6.0,12.6,76.0,1,11,Low
2024-01-12,29.8,64,0.0,11.7,950.0,2,Low,0.0,12.4,71.0,1,12,Low
2024-01-13,30.6,64,0.0,15.6,950.4,0,Low,0.0,11.7,64.0,1,13,Low
2024-01-14,29.7,57,0.0,14.3,950.4,0,Low,0.0,15.6,64.0,1,14,Low
2024-01-15,27.0,45,0.0,15.0,949.2,3,Low,0.0,14.3,57.0,1,15,Low
2024-01-16,28.6,54,0.0,12.5,946.9,3,Low,0.0,15.0,45.0,1,16,Low
2024-01-17,27.7,60,0.0,15.4,946.2,3,Low,0.0,12.5,54.0,1,17,Low
2024-01-18,26.7,61,0.0,11.2,947.6,2,Low,0.0,15.4,60.0,1,18,Low
2024-01-19,27.8,58,0.0,13.1,947.8,1,Low,0.0,11.2,61.0,1,19,Low
2024-01-20,27.7,63,0.0,14.8,948.8,3,Low,0.0,13.1,58.0,1,20,Low
2024-01-21,27.4,57,0.0,12.6,949.5,3,Low,0.0,14.8,63.0,1,21,Low
2024-01-22,28.5,48,0.0,15.1,949.9,3,Low,0.0,12.6,57.0,1,22,Low
2024-01-23,26.3,44,0.0,9.3,949.7,3,Low,0.0,15.1,48.0,1,23,Low
2024-01-24,25.9,40,0.0,14.4,950.0,2,Low,0.0,9.3,44.0,1,24,Low
2024-01-25,26.9,43,0.0,15.6,951.1,1,Low,0.0,14.4,40.0,1,25,Low
2024-01-26,29.4,43,0.0,15.4,952.0,3,Low,0.0,15.6,43.0,1,26,Low
2024-01-27,29.4,50,0.0,14.0,952.2,3,Low,0.0,15.4,43.0,1,27,Low
2024-01-28,30.1,45,0.0,17.4,951.5,3,Low,0.0,14.0,50.0,1,28,Low
2024-01-29,29.3,43,0.0,15.0,951.1,3,Low,0.0,17.4,45.0,1,29,Low
2024-01-30,29.5,52,0.0,12.8,950.0,3,Low,0.0,15.0,43.0,1,30,Low
2024-01-31,29.5,53,0.0,13.8,949.5,3,Low,0.0,12.8,52.0,1,31,Low
2024-02-01,26.9,57,0.0,14.9,950.2,3,Low,0.0,13.8,53.0,2,32,Low
2024-02-02,27.9,58,0.0,10.0,950.8,2,Low,0.0,14.9,57.0,2,33,Low
2024-02-03,30.5,52,0.0,16.0,951.3,2,Low,0.0,10.0,58.0,2,34,Low
2024-02-04,32.2,49,0.0,13.4,951.8,0,Low,0.0,16.0,52.0,2,35,Low
2024-02-05,32.1,49,0.0,14.3,951.7,0,Low,0.0,13.4,49.0,2,36,Low
2024-02-06,32.8,50,0.0,14.1,951.6,0,Low,0.0,14.3,49.0,2,37,Low
2024-02-07,31.5,56,0.0,15.2,952.2,3,Low,0.0,14.1,50.0,2,38,Low
2024-02-08,29.9,55,0.0,13.7,951.6,3,Low,0.0,15.2,56.0,2,39,Low
2024-02-09,31.6,49,0.0,16.0,950.5,3,Low,0.0,13.7,55.0,2,40,Low
2024-02-10,31.9,46,0.0,16.6,951.2,0,Low,0.0,16.0,49.0,2,41,Low
2024-02-11,31.3,44,0.0,14.4,951.3,3,Low,0.0,16.6,46.0,2,42,Low
2024-02-12,31.3,45,0.0,14.2,950.8,3,Low,0.0,14.4,44.0,2,43,Low
2024-02-13,31.5,34,0.0,15.6,950.8,3,Low,0.0,14.2,45.0,2,44,Low
2024-02-14,30.7,41,0.0,14.1,950.8,3,Low,0.0,15.6,34.0,2,45,Low
2024-02-15,32.1,44,0.0,15.7,950.1,0,Low,0.0,14.1,41.0,2,46,Low
2024-02-16,33.2,43,0.0,14.4,950.7,2,Low,0.0,15.7,44.0,2,47,Low
2024-02-17,33.9,36,0.0,11.9,949.2,3,Low,0.0,14.4,43.0,2,48,Low
2024-02-18,33.2,34,0.0,11.8,947.9,0,Low,0.0,11.9,36.0,2,49,Low
2024-02-19,32.1,32,0.0,16.0,948.5,2,Low,0.0,11.8,34.0,2,50,Low
2024-02-20,31.6,40,0.0,17.7,948.9,3,Low,0.0,16.0,32.0,2,51,Low
2024-02-21,29.3,60,0.0,19.1,948.2,3,Low,0.0,17.7,40.0,2,52,Low
2024-02-22,28.5,58,0.0,18.6,948.7,3,Low,0.0,19.1,60.0,2,53,Low
2024-02-23,28.8,47,0.0,15.8,948.6,0,Low,0.0,18.6,58.0,2,54,Low
2024-02-24,29.5,30,0.0,13.8,948.2,0,Low,0.0,15.8,47.0,2,55,Low
2024-02-25,31.1,26,0.0,13.1,947.4,1,Low,0.0,13.8,30.0,2,56,Low
2024-02-26,33.9,34,0.0,14.0,947.5,3,Low,0.0,13.1,26.0,2,57,Medium
2024-02-27,33.2,40,0.1,16.1,948.9,51,Medium,0.0,14.0,34.0,2,58,Low
2024-02-28,32.9,40,0.0,12.2,948.9,1,Low,0.1,16.1,40.0,2,59,Low
2024-02-29,34.5,37,0.0,15.0,948.4,2,Low,0.0,12.2,40.0,2,60,Low
2024-03-01,34.0,41,0.0,14.5,949.1,3,Low,0.0,15.0,37.0,3,61,Medium
2024-03-02,31.4,48,0.6,22.6,948.5,51,Medium,0.0,14.5,41.0,3,62,Low
2024-03-03,28.5,66,0.0,21.6,948.4,3,Low,0.6,22.6,48.0,3,63,Low
2024-03-04,30.4,42,0.0,13.4,948.5,0,Low,0.0,21.6,66.0,3,64,Low
2024-03-05,32.7,30,0.0,18.6,948.5,1,Low,0.0,13.4,42.0,3,65,Low
2024-03-06,32.9,28,0.0,18.2,948.5,3,Low,0.0,18.6,30.0,3,66,Low
2024-03-07,32.9,29,0.0,18.2,948.4,3,Low,0.0,18.2,28.0,3,67,Low
2024-03-08,33.0,28,0.0,14.5,949.1,0,Low,0.0,18.2,29.0,3,68,Low
2024-03-09,34.8,29,0.0,16.9,948.9,3,Low,0.0,14.5,28.0,3,69,Low
2024-03-10,35.0,22,0.0,16.6,949.7,0,Low,0.0,16.9,29.0,3,70,Low
2024-03-11,34.7,30,0.0,18.6,951.0,1,Low,0.0,16.6,22.0,3,71,Low
2024-03-12,35.0,33,0.0,18.4,950.2,0,Low,0.0,18.6,30.0,3,72,Low
2024-03-13,33.2,38,0.0,16.1,949.3,1,Low,0.0,18.4,33.0,3,73,Low
2024-03-14,33.0,35,0.0,17.1,949.3,0,Low,0.0,16.1,38.0,3,74,Low
2024-03-15,33.5,35,0.0,15.6,948.2,0,Low,0.0,17.1,35.0,3,75,Low
2024-03-16,34.7,40,0.0,16.1,948.1,0,Low,0.0,15.6,35.0,3,76,Low
2024-03-17,35.0,34,0.0,19.2,948.4,0,Low,0.0,16.1,40.0,3,77,Low
2024-03-18,34.2,30,0.0,17.4,948.3,3,Low,0.0,19.2,34.0,3,78,Low
2024-03-19,33.9,29,0.0,18.4,948.5,0,Low,0.0,17.4,30.0,3,79,Low
2024-03-20,35.1,18,0.0,15.1,948.6,0,Low,0.0,18.4,29.0,3,80,Low
2024-03-21,35.3,21,0.0,23.8,947.2,3,Low,0.0,15.1,18.0,3,81,Low
2024-03-22,36.9,27,0.0,17.3,945.9,3,Low,0.0,23.8,21.0,3,82,Low
2024-03-23,37.1,29,0.0,18.7,946.2,1,Low,0.0,17.3,27.0,3,83,Low
2024-03-24,35.9,31,0.0,18.4,947.6,3,Low,0.0,18.7,29.0,3,84,Low
2024-03-25,37.5,32,0.0,18.7,948.1,1,Low,0.0,18.4,31.0,3,85,Low
2024-03-26,38.0,35,0.0,20.6,948.2,0,Low,0.0,18.7,32.0,3,86,Low
2024-03-27,39.5,36,0.0,20.2,949.3,3,Low,0.0,20.6,35.0,3,87,Low
2024-03-28,39.6,36,0.0,21.6,948.1,3,Low,0.0,20.2,36.0,3,88,Low
2024-03-29,37.9,37,0.0,17.1,947.4,3,Low,0.0,21.6,36.0,3,89,Low
2024-03-30,37.7,34,0.0,20.6,948.7,2,Low,0.0,17.1,37.0,3,90,Low
2024-03-31,37.7,29,0.0,20.7,949.6,3,Low,0.0,20.6,34.0,3,91,Low
2024-04-01,38.1,25,0.0,17.7,947.1,3,Low,0.0,20.7,29.0,4,92,Low
2024-04-02,38.6,28,0.0,18.7,945.5,3,Low,0.0,17.7,25.0,4,93,Low
2024-04-03,38.7,31,0.0,18.9,946.3,3,Low,0.0,18.7,28.0,4,94,Low
2024-04-04,37.0,30,0.0,16.7,947.1,3,Low,0.0,18.9,31.0,4,95,Low
2024-04-05,37.5,30,0.0,17.6,946.7,3,Low,0.0,16.7,30.0,4,96,Low
2024-04-06,36.9,25,0.0,16.3,946.1,3,Low,0.0,17.6,30.0,4,97,Low
2024-04-07,35.9,25,0.0,17.5,945.3,1,Low,0.0,16.3,25.0,4,98,Low
2024-04-08,37.4,21,0.0,18.9,945.7,0,Low,0.0,17.5,25.0,4,99,Low
2024-04-09,38.1,33,0.0,19.7,945.9,0,Low,0.0,18.9,21.0,4,100,Low
2024-04-10,38.4,33,0.0,19.3,946.0,3,Low,0.0,19.7,33.0,4,101,Low
2024-04-11,37.5,38,0.0,20.0,946.5,3,Low,0.0,19.3,33.0,4,102,Low
2024-04-12,36.3,35,0.0,20.5,946.4,3,Low,0.0,20.0,38.0,4,103,Low
2024-04-13,36.4,33,0.0,17.1,946.4,1,Low,0.0,20.5,35.0,4,104,Low
2024-04-14,37.8,46,0.0,21.0,947.4,2,Low,0.0,17.1,33.0,4,105,Low
2024-04-15,39.3,42,0.0,15.1,948.1,2,Low,0.0,21.0,46.0,4,106,Low
2024-04-16,39.5,29,0.0,15.1,947.3,3,Low,0.0,15.1,42.0,4,107,Low
2024-04-17,40.6,29,0.0,22.7,946.5,3,Low,0.0,15.1,29.0,4,108,Low
2024-04-18,40.9,36,0.0,23.7,945.8,3,Low,0.0,22.7,29.0,4,109,Low
2024-04-19,39.0,30,0.0,21.9,944.6,3,Low,0.0,23.7,36.0,4,110,Low
2024-04-20,37.8,35,0.0,19.4,944.8,1,Low,0.0,21.9,30.0,4,111,Medium
2024-04-21,37.2,33,0.6,21.3,945.3,51,Medium,0.0,19.4,35.0,4,112,Medium
2024-04-22,36.4,33,0.1,18.6,945.9,51,Medium,0.6,21.3,33.0,4,113,Low
2024-04-23,38.8,28,0.0,18.3,944.8,1,Low,0.1,18.6,33.0,4,114,Low
2024-04-24,37.7,32,0.0,17.8,944.2,2,Low,0.0,18.3,28.0,4,115,Low
2024-04-25,38.9,33,0.0,19.8,944.6,1,Low,0.0,17.8,32.0,4,116,Low
2024-04-26,38.1,32,0.0,15.6,945.0,3,Low,0.0,19.8,33.0,4,117,Low
2024-04-27,39.6,29,0.0,19.9,945.0,2,Low,0.0,15.6,32.0,4,118,Low
2024-04-28,40.3,25,0.0,23.1,945.3,3,Low,0.0,19.9,29.0,4,119,Low
2024-04-29,40.1,25,0.0,17.8,946.2,0,Low,0.0,23.1,25.0,4,120,Low
2024-04-30,39.4,21,0.0,19.1,945.0,0,Low,0.0,17.8,25.0,4,121,Low
2024-05-01,37.9,25,0.0,20.8,943.3,1,Low,0.0,19.1,21.0,5,122,Low
2024-05-02,37.9,26,0.0,19.8,943.3,0,Low,0.0,20.8,25.0,5,123,Low
2024-05-03,38.6,28,0.0,17.5,944.5,1,Low,0.0,19.8,26.0,5,124,Low
2024-05-04,38.5,34,0.0,17.0,945.5,3,Low,0.0,17.5,28.0,5,125,Low
2024-05-05,38.1,40,0.0,20.5,944.2,2,Low,0.0,17.0,34.0,5,126,Low
2024-05-06,37.2,41,0.0,23.0,944.6,2,Low,0.0,20.5,40.0,5,127,Low
2024-05-07,38.1,50,0.0,20.4,945.3,0,Low,0.0,23.0,41.0,5,128,Low
2024-05-08,38.1,55,0.0,24.8,944.9,1,Low,0.0,20.4,50.0,5,129,Medium
2024-05-09,37.0,50,0.1,17.3,944.4,51,Medium,0.0,24.8,55.0,5,130,Medium
2024-05-10,36.4,57,5.0,17.1,945.5,63,Medium,0.1,17.3,50.0,5,131,Medium
2024-05-11,38.7,45,0.4,13.6,946.3,51,Medium,5.0,17.1,57.0,5,132,Medium
2024-05-12,37.1,46,0.8,12.1,946.5,53,Medium,0.4,13.6,45.0,5,133,Medium
2024-05-13,34.3,57,0.6,13.5,946.3,53,Medium,0.8,12.1,46.0,5,134,Medium
2024-05-14,38.0,51,1.5,18.0,945.9,55,Medium,0.6,13.5,57.0,5,135,Low
2024-05-15,37.6,42,0.0,16.4,946.2,2,Low,1.5,18.0,51.0,5,136,Medium
2024-05-16,37.4,42,0.9,20.0,946.3,53,Medium,0.0,16.4,42.0,5,137,Low
2024-05-17,37.9,41,0.0,18.0,945.0,3,Low,0.9,20.0,42.0,5,138,Medium
2024-05-18,39.5,48,0.1,16.4,943.1,51,Medium,0.0,18.0,41.0,5,139,Low
2024-05-19,39.3,49,0.0,21.4,941.4,2,Low,0.1,16.4,48.0,5,140,Low
2024-05-20,39.6,46,0.0,21.1,941.5,2,Low,0.0,21.4,49.0,5,141,Low
2024-05-21,40.6,45,0.0,21.3,941.6,3,Low,0.0,21.1,46.0,5,142,Low
2024-05-22,40.7,41,0.0,23.1,941.2,2,Low,0.0,21.3,45.0,5,143,Low
2024-05-23,40.0,52,0.0,22.9,940.2,3,Low,0.0,23.1,41.0,5,144,Low
2024-05-24,39.0,48,0.0,22.1,939.8,2,Low,0.0,22.9,52.0,5,145,Low
2024-05-25,37.2,60,0.0,21.7,940.6,3,Low,0.0,22.1,48.0,5,146,Low
2024-05-26,36.5,64,0.0,22.1,941.4,3,Low,0.0,21.7,60.0,5,147,Medium
2024-05-27,34.0,69,0.3,26.0,940.9,51,Medium,0.0,22.1,64.0,5,148,Low
2024-05-28,35.2,66,0.0,28.1,941.1,3,Low,0.3,26.0,69.0,5,149,Low
2024-05-29,34.8,67,0.0,28.3,941.2,3,Low,0.0,28.1,66.0,5,150,Low
2024-05-30,36.1,65,0.0,23.1,942.7,3,Low,0.0,28.3,67.0,5,151,Low
2024-05-31,36.7,61,0.0,20.2,943.6,3,Low,0.0,23.1,65.0,5,152,Low
2024-06-01,36.4,62,0.0,17.5,943.4,3,Low,0.0,20.2,61.0,6,153,Low
2024-06-02,36.3,59,0.0,16.6,943.9,3,Low,0.0,17.5,62.0,6,154,Medium
2024-06-03,35.1,62,2.4,17.6,944.2,55,Medium,0.0,16.6,59.0,6,155,Medium
2024-06-04,33.3,69,6.6,20.2,944.5,63,Medium,2.4,17.6,62.0,6,156,Medium
2024-06-05,33.9,71,3.8,17.4,944.7,61,Medium,6.6,20.2,69.0,6,157,Medium
2024-06-06,35.3,70,0.9,15.1,945.2,51,Medium,3.8,17.4,71.0,6,158,Medium
2024-06-07,35.1,75,6.2,16.2,943.6,63,Medium,0.9,15.1,70.0,6,159,Medium
2024-06-08,30.2,78,18.0,16.0,942.3,65,Medium,6.2,16.2,75.0,6,160,Medium
2024-06-09,30.5,78,2.7,16.5,941.9,61,Medium,18.0,16.0,78.0,6,161,Medium
2024-06-10,29.3,83,14.7,18.0,942.9,63,Medium,2.7,16.5,78.0,6,162,Medium
2024-06-11,29.6,84,4.5,17.8,943.3,63,Medium,14.7,18.0,83.0,6,163,Medium
2024-06-12,30.3,82,1.9,20.3,944.1,55,Medium,4.5,17.8,84.0,6,164,Medium
2024-06-13,30.2,81,1.3,17.1,943.7,53,Medium,1.9,20.3,82.0,6,165,Medium
2024-06-14,29.0,81,0.9,19.6,943.0,51,Medium,1.3,17.1,81.0,6,166,Medium
2024-06-15,31.0,79,4.4,15.9,942.4,61,Medium,0.9,19.6,81.0,6,167,Medium
2024-06-16,32.1,77,5.2,15.1,942.8,63,Medium,4.4,15.9,79.0,6,168,Medium
2024-06-17,31.5,82,13.4,16.4,943.1,63,Medium,5.2,15.1,77.0,6,169,Medium
2024-06-18,29.2,85,6.4,22.6,942.5,63,Medium,13.4,16.4,82.0,6,170,Medium
2024-06-19,28.1,86,2.6,25.4,940.7,55,Medium,6.4,22.6,85.0,6,171,Medium
2024-06-20,27.5,89,6.8,26.5,939.8,61,Medium,2.6,25.4,86.0,6,172,Medium
2024-06-21,29.6,84,2.3,25.1,940.3,53,Medium,6.8,26.5,89.0,6,173,Medium
2024-06-22,30.2,82,0.8,17.1,939.3,51,Medium,2.3,25.1,84.0,6,174,High
2024-06-23,29.9,87,20.6,15.4,938.5,63,High,0.8,17.1,82.0,6,175,Medium
2024-06-24,29.6,88,19.8,12.0,937.1,63,Medium,20.6,15.4,87.0,6,176,Medium
2024-06-25,30.5,84,10.5,16.4,936.0,63,Medium,19.8,12.0,88.0,6,177,Medium
2024-06-26,29.6,86,6.3,25.5,935.8,63,Medium,10.5,16.4,84.0,6,178,Medium
2024-06-27,28.0,89,8.5,26.8,937.7,61,Medium,6.3,25.5,86.0,6,179,Medium
2024-06-28,26.6,91,14.6,30.3,938.7,63,Medium,8.5,26.8,89.0,6,180,Medium
2024-06-29,28.2,88,2.6,26.5,940.0,51,Medium,14.6,30.3,91.0,6,181,Medium
2024-06-30,26.9,91,5.7,28.0,940.0,55,Medium,2.6,26.5,88.0,6,182,Medium
2024-07-01,26.1,92,11.3,33.8,938.7,61,Medium,5.7,28.0,91.0,7,183,Medium
2024-07-02,27.2,90,6.9,30.4,938.0,55,Medium,11.3,33.8,92.0,7,184,Medium
2024-07-03,27.3,92,3.3,29.1,939.3,53,Medium,6.9,30.4,90.0,7,185,Medium
2024-07-04,26.8,90,3.9,27.6,940.5,53,Medium,3.3,29.1,92.0,7,186,Medium
2024-07-05,26.6,90,5.3,27.3,938.8,53,Medium,3.9,27.6,90.0,7,187,Medium
2024-07-06,26.3,91,15.2,29.0,937.8,63,Medium,5.3,27.3,90.0,7,188,Medium
2024-07-07,28.1,87,2.7,23.1,939.1,53,Medium,15.2,29.0,91.0,7,189,Medium
2024-07-08,27.7,91,6.2,14.9,939.3,63,Medium,2.7,23.1,87.0,7,190,High
2024-07-09,29.5,89,24.7,18.9,940.0,63,High,6.2,14.9,91.0,7,191,Medium
2024-07-10,27.9,88,3.9,22.5,942.5,61,Medium,24.7,18.9,89.0,7,192,High
2024-07-11,26.5,92,26.1,25.1,941.9,63,High,3.9,22.5,88.0,7,193,Medium
2024-07-12,26.4,91,14.0,26.3,939.9,63,Medium,26.1,25.1,92.0,7,194,High
2024-07-13,25.7,94,46.9,23.4,939.1,65,High,14.0,26.3,91.0,7,195,Medium
2024-07-14,26.4,90,1.5,17.9,937.9,51,Medium,46.9,23.4,94.0,7,196,Medium
2024-07-15,27.7,87,3.2,18.4,937.7,55,Medium,1.5,17.9,90.0,7,197,Medium
2024-07-16,28.9,86,3.7,15.9,937.2,61,Medium,3.2,18.4,87.0,7,198,Medium
2024-07-17,27.6,90,4.5,22.2,938.5,53,Medium,3.7,15.9,86.0,7,199,Medium
2024-07-18,26.2,90,5.8,28.7,938.7,53,Medium,4.5,22.2,90.0,7,200,Medium
2024-07-19,26.0,90,9.8,29.7,937.1,63,Medium,5.8,28.7,90.0,7,201,Medium
2024-07-20,26.3,90,4.8,32.0,937.6,53,Medium,9.8,29.7,90.0,7,202,Medium
2024-07-21,26.1,92,8.7,25.2,937.9,61,Medium,4.8,32.0,90.0,7,203,High
2024-07-22,24.1,94,22.2,33.7,939.2,61,High,8.7,25.2,92.0,7,204,High
2024-07-23,24.4,94,21.1,30.1,939.8,61,High,22.2,33.7,94.0,7,205,High
2024-07-24,24.3,94,39.1,33.2,937.3,63,High,21.1,30.1,94.0,7,206,High
2024-07-25,24.3,92,29.6,28.1,936.9,63,High,39.1,33.2,94.0,7,207,Medium
2024-07-26,25.9,90,6.6,31.0,938.0,53,Medium,29.6,28.1,92.0,7,208,Medium
2024-07-27,25.4,91,7.2,32.1,938.8,61,Medium,6.6,31.0,90.0,7,209,Medium
2024-07-28,25.1,93,17.5,25.8,936.9,63,Medium,7.2,32.1,91.0,7,210,Medium
2024-07-29,26.4,90,18.0,30.0,935.8,63,Medium,17.5,25.8,93.0,7,211,Medium
2024-07-30,27.2,90,3.6,26.2,939.3,53,Medium,18.0,30.0,90.0,7,212,Medium
2024-07-31,27.1,90,8.6,26.2,941.5,63,Medium,3.6,26.2,90.0,7,213,Medium
2024-08-01,26.8,90,6.1,28.6,941.0,61,Medium,8.6,26.2,90.0,8,214,Medium
2024-08-02,25.8,89,10.3,28.7,940.3,61,Medium,6.1,28.6,90.0,8,215,Medium
2024-08-03,25.9,92,14.8,30.2,940.4,63,Medium,10.3,28.7,89.0,8,216,Medium
2024-08-04,24.6,93,17.8,24.2,940.9,61,Medium,14.8,30.2,92.0,8,217,Medium
2024-08-05,26.1,90,3.9,28.1,942.3,53,Medium,17.8,24.2,93.0,8,218,Medium
2024-08-06,26.9,87,3.2,26.2,942.5,51,Medium,3.9,28.1,90.0,8,219,Medium
2024-08-07,27.4,86,3.2,25.2,942.5,53,Medium,3.2,26.2,87.0,8,220,Medium
2024-08-08,26.6,87,2.9,22.6,943.6,53,Medium,3.2,25.2,86.0,8,221,Medium
2024-08-09,24.6,91,2.5,20.6,944.4,53,Medium,2.9,22.6,87.0,8,222,Medium
2024-08-10,27.8,87,3.9,24.6,944.2,61,Medium,2.5,20.6,91.0,8,223,Medium
2024-08-11,26.2,86,2.1,24.7,942.8,51,Medium,3.9,24.6,87.0,8,224,Medium
2024-08-12,26.7,88,5.5,23.2,942.7,63,Medium,2.1,24.7,86.0,8,225,Medium
2024-08-13,28.3,83,3.4,16.7,943.5,53,Medium,5.5,23.2,88.0,8,226,Medium
2024-08-14,28.4,84,1.3,15.9,943.5,51,Medium,3.4,16.7,83.0,8,227,Medium
2024-08-15,28.5,84,1.7,15.6,942.6,51,Medium,1.3,15.9,84.0,8,228,Medium
2024-08-16,28.4,83,1.8,16.5,941.7,53,Medium,1.7,15.6,84.0,8,229,Medium
2024-08-17,29.6,84,2.7,12.2,942.9,61,Medium,1.8,16.5,83.0,8,230,Medium
2024-08-18,29.3,89,16.1,10.9,943.7,63,Medium,2.7,12.2,84.0,8,231,Medium
2024-08-19,28.9,89,10.7,8.4,943.0,63,Medium,16.1,10.9,89.0,8,232,High
2024-08-20,27.8,92,28.7,14.4,942.5,65,High,10.7,8.4,89.0,8,233,Medium
2024-08-21,29.3,89,17.5,11.0,942.7,65,Medium,28.7,14.4,92.0,8,234,High
2024-08-22,29.5,90,23.9,17.1,942.1,65,High,17.5,11.0,89.0,8,235,Medium
2024-08-23,28.5,89,10.8,15.0,942.6,63,Medium,23.9,17.1,90.0,8,236,High
2024-08-24,24.5,94,21.2,23.4,942.1,65,High,10.8,15.0,89.0,8,237,High
2024-08-25,24.0,93,27.0,27.9,940.2,63,High,21.2,23.4,94.0,8,238,High
2024-08-26,24.1,94,20.7,32.3,938.9,61,High,27.0,27.9,93.0,8,239,Medium
2024-08-27,25.3,92,6.8,33.4,940.5,53,Medium,20.7,32.3,94.0,8,240,Medium
2024-08-28,24.8,94,10.3,28.6,941.3,61,Medium,6.8,33.4,92.0,8,241,Medium
2024-08-29,26.5,91,4.6,26.7,941.2,53,Medium,10.3,28.6,94.0,8,242,Medium
2024-08-30,27.3,89,1.7,19.9,942.5,51,Medium,4.6,26.7,91.0,8,243,Medium
2024-08-31,27.5,85,1.4,16.2,943.7,51,Medium,1.7,19.9,89.0,8,244,Medium
2024-09-01,27.8,84,0.5,20.5,943.1,51,Medium,1.4,16.2,85.0,9,245,Medium
2024-09-02,23.6,94,19.8,17.3,941.5,63,Medium,0.5,20.5,84.0,9,246,Medium
2024-09-03,26.3,90,4.1,19.8,942.3,53,Medium,19.8,17.3,94.0,9,247,Medium
2024-09-04,26.8,87,2.4,23.8,943.2,51,Medium,4.1,19.8,90.0,9,248,Medium
2024-09-05,26.1,90,8.0,22.6,941.9,63,Medium,2.4,23.8,87.0,9,249,Medium
2024-09-06,27.2,88,4.6,24.1,942.7,53,Medium,8.0,22.6,90.0,9,250,Medium
2024-09-07,27.5,87,2.6,21.3,943.6,53,Medium,4.6,24.1,88.0,9,251,Medium
2024-09-08,27.7,86,1.9,17.0,943.7,51,Medium,2.6,21.3,87.0,9,252,Medium
2024-09-09,26.7,87,3.6,18.5,941.6,61,Medium,1.9,17.0,86.0,9,253,Medium
2024-09-10,27.7,85,1.6,17.7,940.7,51,Medium,3.6,18.5,87.0,9,254,Medium
2024-09-11,27.8,86,1.6,21.1,941.6,51,Medium,1.6,17.7,85.0,9,255,Medium
2024-09-12,26.2,88,0.9,23.1,943.3,51,Medium,1.6,21.1,86.0,9,256,Medium
2024-09-13,26.1,85,2.0,23.1,943.8,51,Medium,0.9,23.1,88.0,9,257,Medium
2024-09-14,25.8,87,2.3,23.2,943.5,53,Medium,2.0,23.1,85.0,9,258,Medium
2024-09-15,26.2,86,1.3,19.1,944.0,51,Medium,2.3,23.2,87.0,9,259,Medium
2024-09-16,28.1,81,0.4,15.2,944.9,51,Medium,1.3,19.1,86.0,9,260,Medium
2024-09-17,27.6,82,1.0,16.7,944.9,51,Medium,0.4,15.2,81.0,9,261,Medium
2024-09-18,28.0,81,0.3,11.3,943.3,51,Medium,1.0,16.7,82.0,9,262,Medium
2024-09-19,28.9,84,7.6,9.0,943.9,63,Medium,0.3,11.3,81.0,9,263,Medium
2024-09-20,28.6,85,1.3,16.6,944.1,53,Medium,7.6,9.0,84.0,9,264,Medium
2024-09-21,28.9,82,0.2,15.2,945.0,51,Medium,1.3,16.6,85.0,9,265,Medium
2024-09-22,28.7,86,3.6,13.4,944.4,53,Medium,0.2,15.2,82.0,9,266,Medium
2024-09-23,28.3,89,10.0,12.5,943.4,63,Medium,3.6,13.4,86.0,9,267,Medium
2024-09-24,29.8,88,12.4,14.3,941.6,63,Medium,10.0,12.5,89.0,9,268,High
2024-09-25,27.9,92,39.5,13.7,940.8,65,High,12.4,14.3,88.0,9,269,High
2024-09-26,24.8,94,50.2,12.5,939.6,65,High,39.5,13.7,92.0,9,270,Medium
2024-09-27,24.8,94,11.3,23.4,940.4,61,Medium,50.2,12.5,94.0,9,271,High
2024-09-28,26.8,89,46.7,22.6,943.8,65,High,11.3,23.4,94.0,9,272,Medium
2024-09-29,27.8,89,1.3,20.2,946.3,53,Medium,46.7,22.6,89.0,9,273,Medium
2024-09-30,28.5,87,1.7,11.7,946.8,53,Medium,1.3,20.2,89.0,9,274,Medium
2024-10-01,30.9,82,0.2,10.0,945.3,51,Medium,1.7,11.7,87.0,10,275,Medium
2024-10-02,31.0,83,2.5,13.7,945.7,53,Medium,0.2,10.0,82.0,10,276,Medium
2024-10-03,29.7,84,0.4,14.5,945.9,51,Medium,2.5,13.7,83.0,10,277,Medium
2024-10-04,28.6,86,1.0,14.1,945.8,53,Medium,0.4,14.5,84.0,10,278,Medium
2024-10-05,29.1,81,0.2,8.9,946.3,51,Medium,1.0,14.1,86.0,10,279,Medium
2024-10-06,29.0,82,2.2,17.5,946.8,55,Medium,0.2,8.9,81.0,10,280,Medium
2024-10-07,30.2,74,0.2,16.8,947.7,51,Medium,2.2,17.5,82.0,10,281,Low
2024-10-08,30.4,68,0.0,9.7,947.8,1,Low,0.2,16.8,74.0,10,282,Medium
2024-10-09,29.2,83,9.1,13.2,946.2,63,Medium,0.0,9.7,68.0,10,283,Medium
2024-10-10,28.0,86,8.9,21.4,944.6,63,Medium,9.1,13.2,83.0,10,284,Medium
2024-10-11,28.4,89,12.3,22.0,944.3,65,Medium,8.9,21.4,86.0,10,285,Medium
2024-10-12,29.1,88,7.1,18.7,945.1,63,Medium,12.3,22.0,89.0,10,286,Medium
2024-10-13,29.3,88,5.7,14.8,946.0,63,Medium,7.1,18.7,88.0,10,287,Medium
2024-10-14,29.4,87,2.3,16.2,946.5,61,Medium,5.7,14.8,88.0,10,288,Medium
2024-10-15,29.3,85,0.4,14.9,946.5,51,Medium,2.3,16.2,87.0,10,289,Medium
2024-10-16,29.5,84,1.0,12.8,945.9,53,Medium,0.4,14.9,85.0,10,290,Low
2024-10-17,27.1,84,0.0,11.5,945.4,3,Low,1.0,12.8,84.0,10,291,Medium
2024-10-18,29.6,83,6.4,20.8,945.4,63,Medium,0.0,11.5,84.0,10,292,Medium
2024-10-19,29.0,89,14.9,13.0,947.1,63,Medium,6.4,20.8,83.0,10,293,Medium
2024-10-20,27.3,90,19.7,14.2,947.9,63,Medium,14.9,13.0,89.0,10,294,Medium
2024-10-21,27.7,88,12.2,13.3,948.0,63,Medium,19.7,14.2,90.0,10,295,Medium
2024-10-22,28.9,86,0.9,12.7,947.9,53,Medium,12.2,13.3,88.0,10,296,Medium
2024-10-23,29.1,82,0.2,11.1,947.8,51,Medium,0.9,12.7,86.0,10,297,Low
2024-10-24,28.0,77,0.0,12.1,947.5,3,Low,0.2,11.1,82.0,10,298,Low
2024-10-25,29.4,65,0.0,8.9,946.9,3,Low,0.0,12.1,77.0,10,299,Low
2024-10-26,29.5,70,0.0,9.9,947.1,3,Low,0.0,8.9,65.0,10,300,Low
2024-10-27,30.5,68,0.0,14.5,945.8,3,Low,0.0,9.9,70.0,10,301,Low
2024-10-28,31.4,67,0.0,9.8,944.3,3,Low,0.0,14.5,68.0,10,302,Low
2024-10-29,31.0,64,0.0,12.9,945.6,3,Low,0.0,9.8,67.0,10,303,Low
2024-10-30,30.1,68,0.0,8.0,946.9,0,Low,0.0,12.9,64.0,10,304,Low
2024-10-31,30.4,66,0.0,13.4,947.9,2,Low,0.0,8.0,68.0,10,305,Low
2024-11-01,30.4,62,0.0,13.1,949.1,0,Low,0.0,13.4,66.0,11,306,Low
2024-11-02,30.1,58,0.0,10.5,949.4,0,Low,0.0,13.1,62.0,11,307,Low
2024-11-03,30.4,63,0.0,11.1,949.1,1,Low,0.0,10.5,58.0,11,308,Low
2024-11-04,30.2,61,0.0,10.6,948.2,2,Low,0.0,11.1,63.0,11,309,Low
2024-11-05,29.8,61,0.0,9.6,948.8,0,Low,0.0,10.6,61.0,11,310,Low
2024-11-06,30.5,57,0.0,10.4,949.5,1,Low,0.0,9.6,61.0,11,311,Low
2024-11-07,29.7,60,0.0,10.2,949.2,2,Low,0.0,10.4,57.0,11,312,Low
2024-11-08,30.2,62,0.0,15.7,949.1,0,Low,0.0,10.2,60.0,11,313,Low
2024-11-09,29.5,59,0.0,15.1,949.1,0,Low,0.0,15.7,62.0,11,314,Low
2024-11-10,29.1,54,0.0,12.1,949.3,0,Low,0.0,15.1,59.0,11,315,Low
2024-11-11,28.7,54,0.0,13.2,948.9,0,Low,0.0,12.1,54.0,11,316,Low
2024-11-12,28.7,55,0.0,17.4,948.4,0,Low,0.0,13.2,54.0,11,317,Low
2024-11-13,29.4,50,0.0,15.2,947.3,0,Low,0.0,17.4,55.0,11,318,Low
2024-11-14,30.1,55,0.0,12.5,948.3,3,Low,0.0,15.2,50.0,11,319,Low
2024-11-15,30.9,57,0.0,13.3,949.1,3,Low,0.0,12.5,55.0,11,320,Low
2024-11-16,31.4,57,0.0,11.1,948.3,3,Low,0.0,13.3,57.0,11,321,Low
2024-11-17,30.3,55,0.0,14.2,948.4,0,Low,0.0,11.1,57.0,11,322,Low
2024-11-18,29.0,49,0.0,14.3,949.0,0,Low,0.0,14.2,55.0,11,323,Low
2024-11-19,28.2,50,0.0,12.4,949.7,0,Low,0.0,14.3,49.0,11,324,Low
2024-11-20,27.8,51,0.0,14.5,949.1,0,Low,0.0,12.4,50.0,11,325,Low
2024-11-21,28.2,53,0.0,11.2,948.5,0,Low,0.0,14.5,51.0,11,326,Low
2024-11-22,28.4,55,0.0,12.4,948.1,0,Low,0.0,11.2,53.0,11,327,Low
2024-11-23,29.1,53,0.0,11.1,948.8,3,Low,0.0,12.4,55.0,11,328,Low
2024-11-24,28.4,55,0.0,11.7,949.1,3,Low,0.0,11.1,53.0,11,329,Low
2024-11-25,27.9,52,0.0,14.1,949.1,3,Low,0.0,11.7,55.0,11,330,Low
2024-11-26,27.8,49,0.0,16.2,948.9,3,Low,0.0,14.1,52.0,11,331,Low
2024-11-27,27.2,48,0.0,17.4,948.1,2,Low,0.0,16.2,49.0,11,332,Low
2024-11-28,27.6,42,0.0,18.8,948.1,1,Low,0.0,17.4,48.0,11,333,Low
2024-11-29,27.0,45,0.0,16.9,948.1,2,Low,0.0,18.8,42.0,11,334,Low
2024-11-30,27.1,48,0.0,13.7,946.8,3,Low,0.0,16.9,45.0,11,335,Low
2024-12-01,28.7,57,0.0,13.3,945.4,3,Low,0.0,13.7,48.0,12,336,Low
2024-12-02,29.1,61,0.0,13.2,945.5,3,Low,0.0,13.3,57.0,12,337,Medium
2024-12-03,29.7,67,0.7,17.8,947.2,51,Medium,0.0,13.2,61.0,12,338,Medium
2024-12-04,29.8,72,0.3,18.5,948.0,51,Medium,0.7,17.8,67.0,12,339,Medium
2024-12-05,29.8,76,0.8,11.8,948.6,51,Medium,0.3,18.5,72.0,12,340,Low
2024-12-06,30.9,71,0.0,10.3,948.0,3,Low,0.8,11.8,76.0,12,341,Low
2024-12-07,29.6,61,0.0,12.6,947.1,3,Low,0.0,10.3,71.0,12,342,Low
2024-12-08,27.7,49,0.0,12.7,946.8,3,Low,0.0,12.6,61.0,12,343,Low
2024-12-09,26.0,49,0.0,13.7,947.8,3,Low,0.0,12.7,49.0,12,344,Low
2024-12-10,25.9,51,0.0,13.1,948.3,3,Low,0.0,13.7,49.0,12,345,Low
2024-12-11,27.6,57,0.0,11.6,948.5,3,Low,0.0,13.1,51.0,12,346,Low
2024-12-12,27.8,61,0.0,13.2,948.1,3,Low,0.0,11.6,57.0,12,347,Low
2024-12-13,26.1,57,0.0,15.1,949.0,3,Low,0.0,13.2,61.0,12,348,Low
2024-12-14,26.1,52,0.0,16.6,949.9,3,Low,0.0,15.1,57.0,12,349,Low
2024-12-15,26.8,49,0.0,15.2,950.6,3,Low,0.0,16.6,52.0,12,350,Low
2024-12-16,27.3,44,0.0,13.4,949.2,0,Low,0.0,15.2,49.0,12,351,Low
2024-12-17,28.7,45,0.0,12.2,947.7,3,Low,0.0,13.4,44.0,12,352,Low
2024-12-18,28.8,48,0.0,12.8,947.2,2,Low,0.0,12.2,45.0,12,353,Low
2024-12-19,29.1,47,0.0,12.2,946.7,2,Low,0.0,12.8,48.0,12,354,Low
2024-12-20,28.4,59,0.0,11.0,946.4,2,Low,0.0,12.2,47.0,12,355,Low
2024-12-21,29.1,62,0.0,12.1,946.7,0,Low,0.0,11.0,59.0,12,356,Low
2024-12-22,28.1,77,0.0,15.5,947.1,3,Low,0.0,12.1,62.0,12,357,Medium
2024-12-23,26.8,77,0.2,16.0,947.4,51,Medium,0.0,15.5,77.0,12,358,Low
2024-12-24,26.9,70,0.0,14.5,948.0,3,Low,0.2,16.0,77.0,12,359,Low
2024-12-25,28.6,68,0.0,14.1,949.1,3,Low,0.0,14.5,70.0,12,360,Medium
2024-12-26,28.3,71,0.1,14.7,950.8,51,Medium,0.0,14.1,68.0,12,361,Medium
2024-12-27,27.9,74,0.7,14.2,950.6,51,Medium,0.1,14.7,71.0,12,362,Medium
2024-12-28,26.6,75,1.0,14.0,950.9,53,Medium,0.7,14.2,74.0,12,363,Medium
2024-12-29,27.6,75,0.1,13.6,951.4,51,Medium,1.0,14.0,75.0,12,364,Low
2024-12-30,29.2,73,0.0,11.8,951.5,3,Low,0.1,13.6,75.0,12,365,Low
2024-12-31,29.0,72,0.0,11.9,951.7,2,Low,0.0,11.8,73.0,12,366,Low
2025-01-01,28.6,71,0.0,11.9,950.6,0,Low,0.0,11.9,72.0,1,1,Low
2025-01-02,29.7,64,0.0,11.7,950.6,0,Low,0.0,11.9,71.0,1,2,Low
2025-01-03,29.3,54,0.0,11.7,950.7,3,Low,0.0,11.7,64.0,1,3,Low
2025-01-04,29.5,46,0.0,12.1,949.0,3,Low,0.0,11.7,54.0,1,4,Low
2025-01-05,29.5,45,0.0,13.0,948.2,3,Low,0.0,12.1,46.0,1,5,Low
2025-01-06,28.9,56,0.0,15.5,948.2,1,Low,0.0,13.0,45.0,1,6,Low
2025-01-07,26.8,60,0.0,14.3,949.2,0,Low,0.0,15.5,56.0,1,7,Low
2025-01-08,27.0,60,0.0,13.0,948.8,1,Low,0.0,14.3,60.0,1,8,Low
2025-01-09,27.6,54,0.0,15.1,949.1,3,Low,0.0,13.0,60.0,1,9,Low
2025-01-10,27.8,49,0.0,12.0,949.9,3,Low,0.0,15.1,54.0,1,10,Low
2025-01-11,28.2,58,0.0,14.7,949.5,3,Low,0.0,12.0,49.0,1,11,Low
2025-01-12,28.2,61,0.0,11.7,949.8,1,Low,0.0,14.7,58.0,1,12,Low
2025-01-13,27.7,67,0.0,13.8,949.4,0,Low,0.0,11.7,61.0,1,13,Low
2025-01-14,29.8,63,0.0,14.1,949.2,3,Low,0.0,13.8,67.0,1,14,Low
2025-01-15,30.5,60,0.0,17.1,949.8,3,Low,0.0,14.1,63.0,1,15,Medium
2025-01-16,29.9,64,0.1,14.8,950.2,51,Medium,0.0,17.1,60.0,1,16,Low
2025-01-17,28.6,64,0.0,15.4,950.0,3,Low,0.1,14.8,64.0,1,17,Low
2025-01-18,28.5,54,0.0,16.6,949.4,0,Low,0.0,15.4,64.0,1,18,Low
2025-01-19,29.7,50,0.0,12.7,949.8,0,Low,0.0,16.6,54.0,1,19,Low
2025-01-20,29.9,50,0.0,12.0,949.1,3,Low,0.0,12.7,50.0,1,20,Low
2025-01-21,30.4,49,0.0,11.8,947.8,0,Low,0.0,12.0,50.0,1,21,Low
2025-01-22,31.4,51,0.0,15.2,947.4,3,Low,0.0,11.8,49.0,1,22,Low
2025-01-23,30.7,53,0.0,16.7,947.4,2,Low,0.0,15.2,51.0,1,23,Low
2025-01-24,30.8,54,0.0,13.9,947.2,2,Low,0.0,16.7,53.0,1,24,Low
2025-01-25,32.4,57,0.0,14.3,948.2,1,Low,0.0,13.9,54.0,1,25,Low
2025-01-26,32.9,55,0.0,10.6,948.0,3,Low,0.0,14.3,57.0,1,26,Low
2025-01-27,33.3,49,0.0,15.0,946.9,3,Low,0.0,10.6,55.0,1,27,Low
2025-01-28,33.8,45,0.0,13.2,946.8,3,Low,0.0,15.0,49.0,1,28,Low
2025-01-29,34.0,36,0.0,13.5,948.3,3,Low,0.0,13.2,45.0,1,29,Low
2025-01-30,33.0,40,0.0,14.3,947.1,3,Low,0.0,13.5,36.0,1,30,Low
2025-01-31,31.7,39,0.0,14.5,946.6,2,Low,0.0,14.3,40.0,1,31,Low
2025-02-01,31.0,39,0.0,14.7,947.3,3,Low,0.0,14.5,39.0,2,32,Low
2025-02-02,31.9,41,0.0,15.3,947.9,3,Low,0.0,14.7,39.0,2,33,Low
2025-02-03,32.6,43,0.0,14.7,948.1,3,Low,0.0,15.3,41.0,2,34,Low
2025-02-04,32.1,41,0.0,16.4,948.7,3,Low,0.0,14.7,43.0,2,35,Low
2025-02-05,30.4,35,0.0,13.6,948.2,3,Low,0.0,16.4,41.0,2,36,Low
2025-02-06,30.9,46,0.0,14.2,948.0,1,Low,0.0,13.6,35.0,2,37,Low
2025-02-07,32.6,48,0.0,16.4,949.3,3,Low,0.0,14.2,46.0,2,38,Low
2025-02-08,33.2,47,0.0,11.5,949.1,2,Low,0.0,16.4,48.0,2,39,Low
2025-02-09,33.4,44,0.0,18.5,948.5,2,Low,0.0,11.5,47.0,2,40,Low
2025-02-10,33.9,36,0.0,17.2,949.3,3,Low,0.0,18.5,44.0,2,41,Low
2025-02-11,33.6,35,0.0,15.3,949.6,0,Low,0.0,17.2,36.0,2,42,Low
2025-02-12,32.8,34,0.0,14.4,949.9,0,Low,0.0,15.3,35.0,2,43,Low
2025-02-13,32.5,36,0.0,11.1,949.9,0,Low,0.0,14.4,34.0,2,44,Low
2025-02-14,32.2,38,0.0,10.5,949.7,0,Low,0.0,11.1,36.0,2,45,Low
2025-02-15,33.6,31,0.0,16.3,948.5,0,Low,0.0,10.5,38.0,2,46,Low
2025-02-16,33.4,28,0.0,15.0,948.5,0,Low,0.0,16.3,31.0,2,47,Low
2025-02-17,34.1,28,0.0,15.9,949.5,0,Low,0.0,15.0,28.0,2,48,Low
2025-02-18,34.2,33,0.0,17.5,949.4,0,Low,0.0,15.9,28.0,2,49,Low
2025-02-19,32.6,33,0.0,15.6,948.4,3,Low,0.0,17.5,33.0,2,50,Low
2025-02-20,32.9,32,0.0,11.0,949.0,3,Low,0.0,15.6,33.0,2,51,Low
2025-02-21,33.3,27,0.0,14.8,950.6,1,Low,0.0,11.0,32.0,2,52,Low
2025-02-22,34.3,28,0.0,14.3,950.9,0,Low,0.0,14.8,27.0,2,53,Low
2025-02-23,34.1,28,0.0,15.3,951.0,0,Low,0.0,14.3,28.0,2,54,Low
2025-02-24,33.2,27,0.0,13.6,951.1,3,Low,0.0,15.3,28.0,2,55,Low
2025-02-25,33.4,30,0.0,13.2,951.7,3,Low,0.0,13.6,27.0,2,56,Low
2025-02-26,33.8,32,0.0,13.4,951.9,3,Low,0.0,13.2,30.0,2,57,Low
2025-02-27,34.9,33,0.0,19.2,950.3,2,Low,0.0,13.4,32.0,2,58,Low
2025-02-28,36.0,34,0.0,16.6,948.8,3,Low,0.0,19.2,33.0,2,59,Low
2025-03-01,35.8,34,0.0,19.2,948.2,2,Low,0.0,16.6,34.0,3,60,Low
2025-03-02,34.3,31,0.0,18.4,947.8,3,Low,0.0,19.2,34.0,3,61,Low
2025-03-03,35.3,28,0.0,17.2,948.4,3,Low,0.0,18.4,31.0,3,62,Low
2025-03-04,35.0,31,0.0,17.8,949.0,3,Low,0.0,17.2,28.0,3,63,Low
2025-03-05,33.0,25,0.0,15.5,949.3,0,Low,0.0,17.8,31.0,3,64,Low
2025-03-06,34.2,18,0.0,11.7,949.2,0,Low,0.0,15.5,25.0,3,65,Low
2025-03-07,35.1,19,0.0,11.6,947.6,0,Low,0.0,11.7,18.0,3,66,Low
2025-03-08,36.1,20,0.0,15.7,945.9,0,Low,0.0,11.6,19.0,3,67,Low
2025-03-09,36.1,24,0.0,12.5,946.4,0,Low,0.0,15.7,20.0,3,68,Low
2025-03-10,36.4,27,0.0,16.2,948.6,0,Low,0.0,12.5,24.0,3,69,Low
2025-03-11,37.0,29,0.0,14.0,949.3,0,Low,0.0,16.2,27.0,3,70,Low
2025-03-12,37.8,28,0.0,12.1,947.6,0,Low,0.0,14.0,29.0,3,71,Low
2025-03-13,37.4,28,0.0,19.2,946.8,0,Low,0.0,12.1,28.0,3,72,Low
2025-03-14,36.4,21,0.0,19.8,947.1,2,Low,0.0,19.2,28.0,3,73,Low
2025-03-15,37.5,23,0.0,18.3,947.7,3,Low,0.0,19.8,21.0,3,74,Low
2025-03-16,36.0,25,0.0,17.0,948.1,1,Low,0.0,18.3,23.0,3,75,Low
2025-03-17,34.7,26,0.0,15.4,948.1,3,Low,0.0,17.0,25.0,3,76,Low
2025-03-18,36.7,28,0.0,18.0,947.2,1,Low,0.0,15.4,26.0,3,77,Low
2025-03-19,36.5,24,0.0,18.9,948.2,0,Low,0.0,18.0,28.0,3,78,Low
2025-03-20,34.4,23,0.0,15.1,949.7,0,Low,0.0,18.9,24.0,3,79,Low
2025-03-21,33.9,28,0.0,16.2,949.9,0,Low,0.0,15.1,23.0,3,80,Low
2025-03-22,34.9,24,0.0,14.5,949.0,0,Low,0.0,16.2,28.0,3,81,Low
2025-03-23,36.0,21,0.0,19.4,949.2,0,Low,0.0,14.5,24.0,3,82,Low
2025-03-24,36.5,23,0.0,17.8,949.1,0,Low,0.0,19.4,21.0,3,83,Low
2025-03-25,37.1,26,0.0,20.2,946.4,0,Low,0.0,17.8,23.0,3,84,Low
2025-03-26,37.2,31,0.0,23.0,945.1,0,Low,0.0,20.2,26.0,3,85,Low
2025-03-27,34.9,37,0.0,17.0,946.1,2,Low,0.0,23.0,31.0,3,86,Low
2025-03-28,37.4,36,0.0,17.5,945.6,3,Low,0.0,17.0,37.0,3,87,Low
2025-03-29,37.9,18,0.0,18.2,945.1,3,Low,0.0,17.5,36.0,3,88,Low
2025-03-30,39.0,18,0.0,21.4,945.6,3,Low,0.0,18.2,18.0,3,89,Low
2025-03-31,38.8,19,0.0,19.3,945.9,3,Low,0.0,21.4,18.0,3,90,Medium
2025-04-01,38.3,25,0.1,20.1,945.4,51,Medium,0.0,19.3,19.0,4,91,Medium
2025-04-02,37.1,40,1.2,15.8,946.1,53,Medium,0.1,20.1,25.0,4,92,Medium
2025-04-03,35.9,48,5.9,20.1,947.9,63,Medium,1.2,15.8,40.0,4,93,Low
2025-04-04,35.3,54,0.0,17.6,948.8,3,Low,5.9,20.1,48.0,4,94,Low
2025-04-05,38.2,26,0.0,21.3,947.3,0,Low,0.0,17.6,54.0,4,95,Low
2025-04-06,38.9,18,0.0,17.9,946.4,2,Low,0.0,21.3,26.0,4,96,Low
2025-04-07,40.2,20,0.0,17.1,946.4,2,Low,0.0,17.9,18.0,4,97,Low
2025-04-08,40.3,16,0.0,16.2,947.0,2,Low,0.0,17.1,20.0,4,98,Low
2025-04-09,40.1,18,0.0,21.2,946.2,2,Low,0.0,16.2,16.0,4,99,Low
2025-04-10,37.5,34,0.0,17.6,944.4,3,Low,0.0,21.2,18.0,4,100,Low
2025-04-11,36.2,34,0.0,21.2,944.0,1,Low,0.0,17.6,34.0,4,101,Low
2025-04-12,35.5,53,0.0,17.9,945.6,2,Low,0.0,21.2,34.0,4,102,Low
2025-04-13,36.5,48,0.0,18.1,947.0,1,Low,0.0,17.9,53.0,4,103,Low
2025-04-14,37.4,29,0.0,16.9,946.3,0,Low,0.0,18.1,48.0,4,104,Low
2025-04-15,38.5,25,0.0,19.7,945.6,1,Low,0.0,16.9,29.0,4,105,Low
2025-04-16,38.3,30,0.0,17.4,945.3,1,Low,0.0,19.7,25.0,4,106,Low
2025-04-17,38.7,35,0.0,20.0,944.9,0,Low,0.0,17.4,30.0,4,107,Low
2025-04-18,38.6,37,0.0,18.7,944.5,0,Low,0.0,20.0,35.0,4,108,Low
2025-04-19,37.7,33,0.0,17.3,944.9,0,Low,0.0,18.7,37.0,4,109,Low
2025-04-20,36.9,37,0.0,18.1,945.3,0,Low,0.0,17.3,33.0,4,110,Low
2025-04-21,38.5,36,0.0,17.3,946.8,0,Low,0.0,18.1,37.0,4,111,Low
2025-04-22,41.2,27,0.0,21.2,947.3,3,Low,0.0,17.3,36.0,4,112,Low
2025-04-23,39.9,23,0.0,19.2,945.9,0,Low,0.0,21.2,27.0,4,113,Low
2025-04-24,39.3,26,0.0,19.8,944.8,1,Low,0.0,19.2,23.0,4,114,Low
2025-04-25,38.4,29,0.0,19.9,945.2,2,Low,0.0,19.8,26.0,4,115,Low
2025-04-26,37.6,29,0.0,15.1,945.0,3,Low,0.0,19.9,29.0,4,116,Low
2025-04-27,39.0,35,0.0,20.0,945.5,0,Low,0.0,15.1,29.0,4,117,Low
2025-04-28,38.6,36,0.0,21.0,944.5,0,Low,0.0,20.0,35.0,4,118,Low
2025-04-29,38.6,41,0.0,18.1,943.9,1,Low,0.0,21.0,36.0,4,119,Low
2025-04-30,38.4,37,0.0,19.7,944.9,0,Low,0.0,18.1,41.0,4,120,Low
2025-05-01,39.8,28,0.0,21.0,945.5,2,Low,0.0,19.7,37.0,5,121,Low
2025-05-02,39.4,25,0.0,20.8,945.6,0,Low,0.0,21.0,28.0,5,122,Low
2025-05-03,37.1,36,0.0,19.7,945.0,1,Low,0.0,20.8,25.0,5,123,Low
2025-05-04,34.0,58,0.0,20.2,944.6,2,Low,0.0,19.7,36.0,5,124,Medium
2025-05-05,35.5,59,0.1,19.7,944.5,51,Medium,0.0,20.2,58.0,5,125,Medium
2025-05-06,33.7,65,0.5,27.8,945.0,51,Medium,0.1,19.7,59.0,5,126,Medium
2025-05-07,32.6,68,0.8,23.6,943.9,53,Medium,0.5,27.8,65.0,5,127,Medium
2025-05-08,30.8,74,3.8,21.5,943.8,63,Medium,0.8,23.6,68.0,5,128,Medium
2025-05-09,31.6,70,2.2,16.9,945.1,53,Medium,3.8,21.5,74.0,5,129,Low
2025-05-10,34.4,68,0.0,20.2,945.3,3,Low,2.2,16.9,70.0,5,130,Medium
2025-05-11,35.3,67,1.4,19.8,944.9,55,Medium,0.0,20.2,68.0,5,131,Medium
2025-05-12,36.1,70,5.6,15.1,944.1,63,Medium,1.4,19.8,67.0,5,132,Medium
2025-05-13,33.7,77,12.7,23.1,944.1,65,Medium,5.6,15.1,70.0,5,133,Medium
2025-05-14,32.6,80,1.9,13.9,944.5,53,Medium,12.7,23.1,77.0,5,134,Medium
2025-05-15,32.2,80,3.7,15.9,944.5,61,Medium,1.9,13.9,80.0,5,135,Medium
2025-05-16,31.9,84,19.6,12.4,944.2,65,Medium,3.7,15.9,80.0,5,136,Medium
2025-05-17,31.6,80,4.3,12.7,943.9,63,Medium,19.6,12.4,84.0,5,137,Medium
2025-05-18,32.6,78,4.1,11.2,943.4,63,Medium,4.3,12.7,80.0,5,138,Medium
2025-05-19,32.6,81,7.4,12.2,942.4,63,Medium,4.1,11.2,78.0,5,139,Medium
2025-05-20,31.9,83,15.0,13.1,941.8,65,Medium,7.4,12.2,81.0,5,140,Medium
2025-05-21,30.1,78,7.3,7.9,941.3,63,Medium,15.0,13.1,83.0,5,141,Medium
2025-05-22,28.1,82,2.4,15.0,940.2,55,Medium,7.3,7.9,78.0,5,142,Low
2025-05-23,28.2,81,0.0,13.0,938.1,3,Low,2.4,15.0,82.0,5,143,Medium
2025-05-24,27.2,81,1.7,14.2,937.7,53,Medium,0.0,13.0,81.0,5,144,Medium
2025-05-25,30.7,83,16.9,19.6,938.9,65,Medium,1.7,14.2,81.0,5,145,Medium
2025-05-26,33.1,80,3.3,16.9,939.0,55,Medium,16.9,19.6,83.0,5,146,Medium
2025-05-27,30.3,84,2.8,16.5,938.8,61,Medium,3.3,16.9,80.0,5,147,Medium
2025-05-28,29.0,87,2.6,19.7,938.9,53,Medium,2.8,16.5,84.0,5,148,Medium
2025-05-29,31.9,81,2.3,18.9,938.0,61,Medium,2.6,19.7,87.0,5,149,Low
2025-05-30,31.1,77,0.0,23.9,938.8,3,Low,2.3,18.9,81.0,5,150,Medium
2025-05-31,30.7,79,0.8,26.5,942.1,51,Medium,0.0,23.9,77.0,5,151,Medium
2025-06-01,30.0,80,0.9,22.0,942.4,51,Medium,0.8,26.5,79.0,6,152,Medium
2025-06-02,30.0,79,0.3,24.0,941.6,51,Medium,0.9,22.0,80.0,6,153,Medium
2025-06-03,29.3,80,0.7,23.8,942.0,51,Medium,0.3,24.0,79.0,6,154,Medium
2025-06-04,28.6,85,5.1,17.3,943.2,63,Medium,0.7,23.8,80.0,6,155,Medium
2025-06-05,30.8,78,1.0,14.4,945.3,53,Medium,5.1,17.3,85.0,6,156,Medium
2025-06-06,32.0,79,6.7,14.6,946.1,63,Medium,1.0,14.4,78.0,6,157,Medium
2025-06-07,30.8,81,1.7,15.7,946.1,53,Medium,6.7,14.6,79.0,6,158,Medium
2025-06-08,31.3,78,1.0,15.9,945.5,53,Medium,1.7,15.7,81.0,6,159,Low
2025-06-09,31.7,76,0.0,19.7,944.5,3,Low,1.0,15.9,78.0,6,160,Low
2025-06-10,31.6,74,0.0,17.7,942.5,3,Low,0.0,19.7,76.0,6,161,Low
2025-06-11,32.1,75,0.0,19.2,941.1,3,Low,0.0,17.7,74.0,6,162,Medium
2025-06-12,33.2,79,8.1,17.8,939.6,63,Medium,0.0,19.2,75.0,6,163,High
2025-06-13,30.1,87,44.4,13.6,939.4,65,High,8.1,17.8,79.0,6,164,High
2025-06-14,32.3,86,36.9,11.8,938.0,65,High,44.4,13.6,87.0,6,165,Medium
2025-06-15,29.7,84,2.8,9.6,935.5,61,Medium,36.9,11.8,86.0,6,166,Medium
2025-06-16,26.3,93,9.4,26.1,934.9,61,Medium,2.8,9.6,84.0,6,167,Medium
2025-06-17,27.5,88,5.6,27.8,938.1,53,Medium,9.4,26.1,93.0,6,168,High
2025-06-18,27.6,91,20.9,27.4,938.5,63,High,5.6,27.8,88.0,6,169,Medium
2025-06-19,24.9,93,17.6,24.1,939.1,63,Medium,20.9,27.4,91.0,6,170,Medium
2025-06-20,28.2,87,2.5,28.3,941.0,51,Medium,17.6,24.1,93.0,6,171,Medium
2025-06-21,26.2,89,6.8,24.8,941.6,61,Medium,2.5,28.3,87.0,6,172,Medium
2025-06-22,26.9,90,5.3,27.1,940.6,53,Medium,6.8,24.8,89.0,6,173,Medium
2025-06-23,25.8,92,8.6,25.6,938.9,61,Medium,5.3,27.1,90.0,6,174,Medium
2025-06-24,25.2,92,14.9,28.0,937.9,63,Medium,8.6,25.6,92.0,6,175,Medium
2025-06-25,27.2,89,6.3,26.0,938.0,53,Medium,14.9,28.0,92.0,6,176,Medium
2025-06-26,25.2,94,14.1,19.1,938.2,63,Medium,6.3,26.0,89.0,6,177,Medium
2025-06-27,25.3,93,7.5,24.8,938.9,61,Medium,14.1,19.1,94.0,6,178,Medium
2025-06-28,26.0,91,10.6,29.0,940.0,63,Medium,7.5,24.8,93.0,6,179,Medium
2025-06-29,24.9,92,9.4,30.5,940.0,63,Medium,10.6,29.0,91.0,6,180,Medium
2025-06-30,26.6,90,5.1,26.9,939.9,53,Medium,9.4,30.5,92.0,6,181,Medium
2025-07-01,26.0,91,7.2,26.0,940.2,63,Medium,5.1,26.9,90.0,7,182,Medium
2025-07-02,26.1,90,9.6,25.0,939.4,61,Medium,7.2,26.0,91.0,7,183,Medium
2025-07-03,26.7,89,7.7,27.9,939.5,63,Medium,9.6,25.0,90.0,7,184,Medium
2025-07-04,25.5,92,5.8,26.1,940.5,53,Medium,7.7,27.9,89.0,7,185,Medium
2025-07-05,26.6,91,11.4,26.6,940.1,61,Medium,5.8,26.1,92.0,7,186,High
2025-07-06,24.0,94,22.2,27.0,939.5,63,High,11.4,26.6,91.0,7,187,Medium
2025-07-07,23.4,94,7.9,22.1,940.2,61,Medium,22.2,27.0,94.0,7,188,Medium
2025-07-08,25.6,92,5.9,24.7,941.0,61,Medium,7.9,22.1,94.0,7,189,Medium
2025-07-09,25.5,94,5.9,17.5,941.3,53,Medium,5.9,24.7,92.0,7,190,Medium
2025-07-10,28.4,86,1.2,19.9,941.7,53,Medium,5.9,17.5,94.0,7,191,Medium
2025-07-11,27.9,86,1.9,18.6,941.8,55,Medium,1.2,19.9,86.0,7,192,Medium
2025-07-12,27.7,85,2.8,19.9,942.2,53,Medium,1.9,18.6,86.0,7,193,Medium
2025-07-13,27.3,87,4.7,20.4,941.7,61,Medium,2.8,19.9,85.0,7,194,Medium
2025-07-14,26.5,90,12.3,21.0,940.3,63,Medium,4.7,20.4,87.0,7,195,Medium
2025-07-15,27.8,87,4.8,18.8,940.0,61,Medium,12.3,21.0,90.0,7,196,Medium
2025-07-16,28.5,85,2.6,18.4,940.6,51,Medium,4.8,18.8,87.0,7,197,Medium
2025-07-17,28.9,83,0.6,14.4,941.6,51,Medium,2.6,18.4,85.0,7,198,Medium
2025-07-18,27.8,83,0.2,17.4,941.8,51,Medium,0.6,14.4,83.0,7,199,Medium
2025-07-19,28.5,84,1.7,18.7,939.6,55,Medium,0.2,17.4,83.0,7,200,Medium
2025-07-20,27.7,86,3.4,20.1,938.8,55,Medium,1.7,18.7,84.0,7,201,Medium
2025-07-21,27.1,91,19.4,15.6,940.0,63,Medium,3.4,20.1,86.0,7,202,Medium
2025-07-22,26.8,88,2.0,17.9,940.6,51,Medium,19.4,15.6,91.0,7,203,Medium
2025-07-23,26.3,89,6.7,20.6,939.2,63,Medium,2.0,17.9,88.0,7,204,Medium
2025-07-24,26.5,89,4.0,23.7,937.9,53,Medium,6.7,20.6,89.0,7,205,Medium
2025-07-25,25.6,92,13.2,21.9,937.4,61,Medium,4.0,23.7,89.0,7,206,Medium
2025-07-26,25.0,93,9.3,24.8,937.9,55,Medium,13.2,21.9,92.0,7,207,Medium
2025-07-27,24.5,92,13.9,30.4,938.7,61,Medium,9.3,24.8,93.0,7,208,Medium
2025-07-28,25.3,91,8.5,29.8,940.1,55,Medium,13.9,30.4,92.0,7,209,Medium
2025-07-29,24.4,93,8.4,29.3,940.4,53,Medium,8.5,29.8,91.0,7,210,Medium
2025-07-30,25.7,91,2.2,29.7,940.3,51,Medium,8.4,29.3,93.0,7,211,Medium
2025-07-31,27.0,89,2.5,29.1,941.1,51,Medium,2.2,29.7,91.0,7,212,Medium
2025-08-01,27.3,86,2.3,23.6,942.3,51,Medium,2.5,29.1,89.0,8,213,Medium
2025-08-02,27.3,87,2.2,19.2,942.5,51,Medium,2.3,23.6,86.0,8,214,Medium
2025-08-03,27.8,85,1.8,18.2,943.5,51,Medium,2.2,19.2,87.0,8,215,Medium
2025-08-04,28.1,84,0.9,17.2,944.6,51,Medium,1.8,18.2,85.0,8,216,Medium
2025-08-05,28.5,83,1.7,16.1,944.3,53,Medium,0.9,17.2,84.0,8,217,Medium
2025-08-06,29.3,82,1.4,11.8,944.1,51,Medium,1.7,16.1,83.0,8,218,Medium
2025-08-07,28.9,84,7.2,11.0,943.8,61,Medium,1.4,11.8,82.0,8,219,Medium
2025-08-08,27.2,87,5.3,12.5,944.3,63,Medium,7.2,11.0,84.0,8,220,Medium
2025-08-09,27.5,86,1.2,12.8,945.7,51,Medium,5.3,12.5,87.0,8,221,Medium
2025-08-10,27.8,86,1.7,16.3,944.8,51,Medium,1.2,12.8,86.0,8,222,Medium
2025-08-11,27.5,87,1.9,20.2,944.5,53,Medium,1.7,16.3,86.0,8,223,Medium
2025-08-12,27.2,85,1.9,18.2,943.2,51,Medium,1.9,20.2,87.0,8,224,Medium
2025-08-13,27.8,89,5.7,15.2,941.3,61,Medium,1.9,18.2,85.0,8,225,Medium
2025-08-14,27.3,89,10.9,13.5,941.0,61,Medium,5.7,15.2,89.0,8,226,Medium
2025-08-15,27.1,90,8.8,13.6,940.2,61,Medium,10.9,13.5,89.0,8,227,Medium
2025-08-16,26.4,91,11.5,18.9,938.8,61,Medium,8.8,13.6,90.0,8,228,Medium
2025-08-17,27.8,88,4.6,17.3,938.0,53,Medium,11.5,18.9,91.0,8,229,High
2025-08-18,26.8,93,20.7,26.2,939.6,63,High,4.6,17.3,88.0,8,230,High
2025-08-19,26.7,93,22.7,28.9,938.2,63,High,20.7,26.2,93.0,8,231,Medium
2025-08-20,23.8,93,10.0,33.8,939.0,61,Medium,22.7,28.9,93.0,8,232,Medium
2025-08-21,26.3,91,9.8,28.3,942.6,63,Medium,10.0,33.8,93.0,8,233,Medium
2025-08-22,25.8,89,5.7,31.4,943.3,55,Medium,9.8,28.3,91.0,8,234,Medium
2025-08-23,25.0,90,7.2,31.9,942.3,55,Medium,5.7,31.4,89.0,8,235,Medium
2025-08-24,25.7,90,6.9,30.2,942.9,61,Medium,7.2,31.9,90.0,8,236,Medium
2025-08-25,23.7,94,13.8,21.8,942.4,63,Medium,6.9,30.2,90.0,8,237,Medium
2025-08-26,27.0,90,7.0,19.7,942.5,63,Medium,13.8,21.8,94.0,8,238,Medium
2025-08-27,26.1,89,6.4,16.1,941.7,63,Medium,7.0,19.7,90.0,8,239,Medium
2025-08-28,26.4,91,11.7,14.5,940.8,63,Medium,6.4,16.1,89.0,8,240,Medium
2025-08-29,26.8,91,14.3,15.3,940.9,63,Medium,11.7,14.5,91.0,8,241,Medium
2025-08-30,27.3,89,4.8,16.6,942.6,61,Medium,14.3,15.3,91.0,8,242,Medium
2025-08-31,27.2,88,1.9,18.8,942.8,53,Medium,4.8,16.6,89.0,8,243,Medium
2025-09-01,25.2,91,6.4,24.3,941.0,61,Medium,1.9,18.8,88.0,9,244,Medium
2025-09-02,26.6,87,1.6,21.8,941.0,51,Medium,6.4,24.3,91.0,9,245,Medium
2025-09-03,26.4,87,3.2,19.5,941.5,53,Medium,1.6,21.8,87.0,9,246,Medium
2025-09-04,24.6,92,10.2,19.0,941.2,63,Medium,3.2,19.5,87.0,9,247,Medium
2025-09-05,26.2,91,10.1,23.0,941.5,63,Medium,10.2,19.0,92.0,9,248,High
2025-09-06,24.0,94,43.4,26.5,942.7,65,High,10.1,23.0,91.0,9,249,Medium
2025-09-07,25.7,90,6.5,25.8,943.2,53,Medium,43.4,26.5,94.0,9,250,Medium
2025-09-08,26.6,88,2.1,19.0,943.5,51,Medium,6.5,25.8,90.0,9,251,Medium
2025-09-09,28.1,83,0.1,11.2,945.5,51,Medium,2.1,19.0,88.0,9,252,Medium
2025-09-10,28.7,81,1.4,12.7,946.1,53,Medium,0.1,11.2,83.0,9,253,Medium
2025-09-11,28.0,84,0.7,14.9,945.7,51,Medium,1.4,12.7,81.0,9,254,Medium
2025-09-12,26.2,85,0.9,12.4,945.7,51,Medium,0.7,14.9,84.0,9,255,Medium
2025-09-13,28.2,89,17.6,11.5,945.3,65,Medium,0.9,12.4,85.0,9,256,High
2025-09-14,28.3,90,31.3,12.9,944.9,65,High,17.6,11.5,89.0,9,257,Medium
2025-09-15,28.7,89,11.1,14.6,944.2,65,Medium,31.3,12.9,90.0,9,258,Medium
2025-09-16,26.5,89,4.1,15.1,944.0,63,Medium,11.1,14.6,89.0,9,259,Medium
2025-09-17,28.4,89,5.7,11.2,944.2,61,Medium,4.1,15.1,89.0,9,260,Medium
2025-09-18,27.8,89,10.7,9.9,944.1,63,Medium,5.7,11.2,89.0,9,261,Medium
2025-09-19,27.3,90,8.0,11.4,944.8,63,Medium,10.7,9.9,89.0,9,262,Medium
2025-09-20,27.1,90,5.3,12.3,945.0,63,Medium,8.0,11.4,90.0,9,263,Medium
2025-09-21,28.1,88,2.0,13.6,944.5,53,Medium,5.3,12.3,90.0,9,264,Medium
2025-09-22,26.6,90,4.0,12.1,945.1,53,Medium,2.0,13.6,88.0,9,265,Medium
2025-09-23,27.1,87,1.8,16.7,945.4,55,Medium,4.0,12.1,90.0,9,266,Medium
2025-09-24,27.2,85,1.5,14.7,944.2,53,Medium,1.8,16.7,87.0,9,267,Medium
2025-09-25,28.2,83,1.3,12.1,943.6,53,Medium,1.5,14.7,85.0,9,268,Medium
2025-09-26,26.7,89,18.6,13.2,943.7,65,Medium,1.3,12.1,83.0,9,269,Medium
2025-09-27,28.0,88,12.6,19.2,943.1,63,Medium,18.6,13.2,89.0,9,270,High
2025-09-28,23.6,95,82.9,22.0,939.0,65,High,12.6,19.2,88.0,9,271,Medium
2025-09-29,24.3,91,3.4,28.0,940.3,53,Medium,82.9,22.0,95.0,9,272,Medium
2025-09-30,26.9,87,1.0,21.6,941.7,51,Medium,3.4,28.0,91.0,9,273,Medium
2025-10-01,27.3,85,0.4,19.6,941.7,51,Medium,1.0,21.6,87.0,10,274,Medium
2025-10-02,27.7,85,2.3,16.5,943.7,55,Medium,0.4,19.6,85.0,10,275,Medium
2025-10-03,28.7,86,1.4,12.2,946.2,53,Medium,2.3,16.5,85.0,10,276,Medium
2025-10-04,28.6,87,2.7,11.0,947.4,61,Medium,1.4,12.2,86.0,10,277,Medium
2025-10-05,26.8,87,1.9,13.8,947.2,53,Medium,2.7,11.0,87.0,10,278,Medium
2025-10-06,27.8,83,0.3,16.1,947.7,51,Medium,1.9,13.8,87.0,10,279,Medium
2025-10-07,27.1,87,2.2,14.1,947.8,53,Medium,0.3,16.1,83.0,10,280,Medium
2025-10-08,28.2,79,0.1,11.5,948.0,51,Medium,2.2,14.1,87.0,10,281,Low
2025-10-09,28.6,70,0.0,10.9,948.6,3,Low,0.1,11.5,79.0,10,282,Low
2025-10-10,29.0,67,0.0,12.3,947.4,2,Low,0.0,10.9,70.0,10,283,Low
2025-10-11,28.8,67,0.0,9.4,947.2,0,Low,0.0,12.3,67.0,10,284,Low
2025-10-12,29.0,63,0.0,11.2,947.0,0,Low,0.0,9.4,67.0,10,285,Low
2025-10-13,30.2,57,0.0,9.1,947.4,1,Low,0.0,11.2,63.0,10,286,Low
2025-10-14,30.2,54,0.0,12.0,945.9,0,Low,0.0,9.1,57.0,10,287,Medium
2025-10-15,30.4,61,0.2,16.8,945.5,51,Medium,0.0,12.0,54.0,10,288,Medium
2025-10-16,31.1,70,1.3,14.7,946.1,55,Medium,0.2,16.8,61.0,10,289,Medium
2025-10-17,31.1,67,0.1,13.5,947.5,51,Medium,1.3,14.7,70.0,10,290,Medium
2025-10-18,30.9,69,0.3,11.8,947.0,51,Medium,0.1,13.5,67.0,10,291,Medium
2025-10-19,29.8,68,0.5,14.2,945.9,51,Medium,0.3,11.8,69.0,10,292,Low
2025-10-20,30.2,63,0.0,15.6,945.5,0,Low,0.5,14.2,68.0,10,293,Medium
2025-10-21,30.0,72,2.6,15.0,946.4,61,Medium,0.0,15.6,63.0,10,294,Medium
2025-10-22,30.5,77,0.7,15.0,946.7,51,Medium,2.6,15.0,72.0,10,295,Low
2025-10-23,31.2,71,0.0,18.6,945.8,3,Low,0.7,15.0,77.0,10,296,Medium
2025-10-24,30.1,76,3.6,21.9,945.4,55,Medium,0.0,18.6,71.0,10,297,Medium
2025-10-25,29.4,88,11.8,18.9,944.4,63,Medium,3.6,21.9,76.0,10,298,High
2025-10-26,27.9,91,29.6,18.8,944.2,65,High,11.8,18.9,88.0,10,299,Medium
2025-10-27,28.6,88,19.8,18.9,943.9,63,Medium,29.6,18.8,91.0,10,300,Medium
2025-10-28,28.4,86,3.6,15.0,943.8,63,Medium,19.8,18.9,88.0,10,301,Medium
2025-10-29,26.4,89,6.9,17.7,942.9,63,Medium,3.6,15.0,86.0,10,302,Medium
2025-10-30,25.2,88,4.0,18.6,944.0,61,Medium,6.9,17.7,89.0,10,303,Medium
2025-10-31,27.9,88,1.3,12.0,945.5,51,Medium,4.0,18.6,88.0,10,304,Medium
2025-11-01,27.5,90,0.9,16.3,947.0,51,Medium,1.3,12.0,88.0,11,305,Medium
2025-11-02,27.5,89,1.6,15.6,948.7,53,Medium,0.9,16.3,90.0,11,306,Medium
2025-11-03,27.7,86,0.5,15.5,948.4,51,Medium,1.6,15.6,89.0,11,307,Medium
2025-11-04,26.6,84,0.6,14.4,947.8,51,Medium,0.5,15.5,86.0,11,308,Low
2025-11-05,28.0,77,0.0,12.8,947.2,3,Low,0.6,14.4,84.0,11,309,Low
2025-11-06,27.8,73,0.0,9.9,947.9,3,Low,0.0,12.8,77.0,11,310,Low
2025-11-07,27.8,61,0.0,9.8,949.2,0,Low,0.0,9.9,73.0,11,311,Low
2025-11-08,28.4,59,0.0,13.4,950.1,0,Low,0.0,9.8,61.0,11,312,Low
2025-11-09,27.8,53,0.0,10.7,949.0,0,Low,0.0,13.4,59.0,11,313,Low
2025-11-10,27.6,50,0.0,13.2,948.7,0,Low,0.0,10.7,53.0,11,314,Low
2025-11-11,27.6,49,0.0,11.8,949.4,0,Low,0.0,13.2,50.0,11,315,Low
2025-11-12,27.6,50,0.0,12.0,950.2,0,Low,0.0,11.8,49.0,11,316,Low
2025-11-13,27.4,51,0.0,13.0,950.9,0,Low,0.0,12.0,50.0,11,317,Low
2025-11-14,27.6,54,0.0,12.4,950.3,0,Low,0.0,13.0,51.0,11,318,Low
2025-11-15,27.2,53,0.0,13.8,950.8,0,Low,0.0,12.4,54.0,11,319,Low
2025-11-16,26.8,54,0.0,15.6,952.0,0,Low,0.0,13.8,53.0,11,320,Low
2025-11-17,26.5,53,0.0,17.5,951.3,0,Low,0.0,15.6,54.0,11,321,Low
2025-11-18,26.3,53,0.0,17.9,949.6,0,Low,0.0,17.5,53.0,11,322,Low
2025-11-19,27.8,55,0.0,12.1,949.4,0,Low,0.0,17.9,53.0,11,323,Low
2025-11-20,27.6,56,0.0,12.3,950.0,0,Low,0.0,12.1,55.0,11,324,Low
2025-11-21,28.5,61,0.0,12.8,951.1,0,Low,0.0,12.3,56.0,11,325,Low
2025-11-22,30.6,62,0.0,13.1,950.2,1,Low,0.0,12.8,61.0,11,326,Low
2025-11-23,30.5,67,0.0,12.5,949.9,3,Low,0.0,13.1,62.0,11,327,Low
2025-11-24,29.8,67,0.0,9.3,950.1,3,Low,0.0,12.5,67.0,11,328,Low
2025-11-25,29.7,62,0.0,14.4,950.0,3,Low,0.0,9.3,67.0,11,329,Low
2025-11-26,29.8,58,0.0,14.1,950.0,3,Low,0.0,14.4,62.0,11,330,Low
2025-11-27,28.4,58,0.0,12.0,950.9,0,Low,0.0,14.1,58.0,11,331,Low
2025-11-28,27.8,64,0.0,12.5,950.3,2,Low,0.0,12.0,58.0,11,332,Low
2025-11-29,26.7,53,0.0,14.5,949.2,3,Low,0.0,12.5,64.0,11,333,Low
2025-11-30,26.5,49,0.0,12.8,948.6,3,Low,0.0,14.5,53.0,11,334,Low
2025-12-01,27.0,51,0.0,13.0,948.3,3,Low,0.0,12.8,49.0,12,335,Low
2025-12-02,27.0,56,0.0,12.4,948.4,3,Low,0.0,13.0,51.0,12,336,Low
2025-12-03,27.0,60,0.0,14.6,949.6,3,Low,0.0,12.4,56.0,12,337,Low
2025-12-04,27.2,61,0.0,13.4,950.9,0,Low,0.0,14.6,60.0,12,338,Low
2025-12-05,27.4,62,0.0,13.7,952.0,0,Low,0.0,13.4,61.0,12,339,Low
2025-12-06,26.7,58,0.0,13.6,952.2,3,Low,0.0,13.7,62.0,12,340,Low
2025-12-07,27.6,56,0.0,13.7,951.8,3,Low,0.0,13.6,58.0,12,341,Low
2025-12-08,27.8,49,0.0,13.4,951.7,0,Low,0.0,13.7,56.0,12,342,Low
2025-12-09,27.9,42,0.0,16.5,951.3,0,Low,0.0,13.4,49.0,12,343,Low
2025-12-10,27.7,41,0.0,12.8,951.9,0,Low,0.0,16.5,42.0,12,344,Low
2025-12-11,27.0,44,0.0,12.8,951.0,0,Low,0.0,12.8,41.0,12,345,Low
2025-12-12,27.4,44,0.0,12.3,949.8,0,Low,0.0,12.8,44.0,12,346,Low
2025-12-13,28.5,45,0.0,13.1,949.7,0,Low,0.0,12.3,44.0,12,347,Low
2025-12-14,28.2,49,0.0,16.1,950.4,2,Low,0.0,13.1,45.0,12,348,Low
2025-12-15,27.4,48,0.0,13.2,950.5,1,Low,0.0,16.1,49.0,12,349,Low
2025-12-16,27.4,52,0.0,15.7,950.0,0,Low,0.0,13.2,48.0,12,350,Low
2025-12-17,28.7,57,0.0,12.7,951.6,0,Low,0.0,15.7,52.0,12,351,Low
2025-12-18,28.9,51,0.0,13.3,951.7,0,Low,0.0,12.7,57.0,12,352,Low
2025-12-19,29.0,43,0.0,14.5,950.0,1,Low,0.0,13.3,51.0,12,353,Low
2025-12-20,28.4,40,0.0,13.4,948.4,3,Low,0.0,14.5,43.0,12,354,Low
2025-12-21,26.5,41,0.0,13.5,949.1,3,Low,0.0,13.4,40.0,12,355,Low
2025-12-22,27.4,46,0.0,13.9,949.5,3,Low,0.0,13.5,41.0,12,356,Low
2025-12-23,27.8,47,0.0,13.4,949.1,3,Low,0.0,13.9,46.0,12,357,Low
2025-12-24,26.8,46,0.0,13.6,948.9,3,Low,0.0,13.4,47.0,12,358,Low
2025-12-25,26.9,45,0.0,11.8,949.1,3,Low,0.0,13.6,46.0,12,359,Low
2025-12-26,26.9,50,0.0,12.5,948.9,0,Low,0.0,11.8,45.0,12,360,Low
2025-12-27,27.4,48,0.0,11.0,949.3,0,Low,0.0,12.5,50.0,12,361,Low
2025-12-28,27.3,51,0.0,12.7,949.8,0,Low,0.0,11.0,48.0,12,362,Low
2025-12-29,27.1,49,0.0,11.4,949.5,0,Low,0.0,12.7,51.0,12,363,Low
2025-12-30,28.3,50,0.0,15.6,948.4,3,Low,0.0,11.4,49.0,12,364,Low
2025-12-31,27.1,58,0.0,12.8,946.8,2,Low,0.0,15.6,50.0,12,365,Low
2026-01-01,26.3,66,0.0,14.6,947.4,2,Low,0.0,12.8,58.0,1,1,Low
2026-01-02,27.7,64,0.0,12.0,949.4,3,Low,0.0,14.6,66.0,1,2,Low
2026-01-03,28.1,60,0.0,14.2,950.0,3,Low,0.0,12.0,64.0,1,3,Low
2026-01-04,27.1,61,0.0,10.6,950.9,1,Low,0.0,14.2,60.0,1,4,Low
2026-01-05,26.9,64,0.0,12.2,951.8,1,Low,0.0,10.6,61.0,1,5,Low
2026-01-06,27.5,57,0.0,11.5,951.8,1,Low,0.0,12.2,64.0,1,6,Low
2026-01-07,27.9,45,0.0,13.2,951.9,2,Low,0.0,11.5,57.0,1,7,Low
2026-01-08,26.9,36,0.0,13.2,952.0,0,Low,0.0,13.2,45.0,1,8,Low
2026-01-09,26.3,35,0.0,13.7,951.5,3,Low,0.0,13.2,36.0,1,9,Low
2026-01-10,26.1,44,0.0,11.3,951.1,0,Low,0.0,13.7,35.0,1,10,Low
2026-01-11,26.3,45,0.0,15.0,951.9,0,Low,0.0,11.3,44.0,1,11,Low
2026-01-12,28.0,49,0.0,13.6,952.2,3,Low,0.0,15.0,45.0,1,12,Medium
2026-01-13,28.5,55,0.2,11.6,952.2,51,Medium,0.0,13.6,49.0,1,13,Medium
2026-01-14,28.2,59,0.1,14.4,950.6,51,Medium,0.2,11.6,55.0,1,14,Low
2026-01-15,27.5,54,0.0,12.0,949.8,0,Low,0.1,14.4,59.0,1,15,Low
2026-01-16,29.8,55,0.0,13.6,949.4,0,Low,0.0,12.0,54.0,1,16,Low
2026-01-17,29.0,53,0.0,13.0,948.2,2,Low,0.0,13.6,55.0,1,17,Low
2026-01-18,26.4,57,0.0,14.3,946.9,1,Low,0.0,13.0,53.0,1,18,Low
2026-01-19,26.2,64,0.0,14.7,948.1,3,Low,0.0,14.3,57.0,1,19,Low
2026-01-20,26.8,59,0.0,12.5,948.3,1,Low,0.0,14.7,64.0,1,20,Low
2026-01-21,28.1,55,0.0,14.1,949.4,3,Low,0.0,12.5,59.0,1,21,Low
2026-01-22,27.9,48,0.0,14.0,949.7,3,Low,0.0,14.1,55.0,1,22,Low
2026-01-23,27.1,61,0.0,16.1,950.2,1,Low,0.0,14.0,48.0,1,23,Low
2026-01-24,27.1,66,0.0,18.1,951.6,1,Low,0.0,16.1,61.0,1,24,Low
2026-01-25,27.1,62,0.0,10.6,950.3,3,Low,0.0,18.1,66.0,1,25,Low
2026-01-26,29.2,56,0.0,12.5,950.7,2,Low,0.0,10.6,62.0,1,26,Medium
2026-01-27,26.6,67,1.0,16.6,951.6,53,Medium,0.0,12.5,56.0,1,27,Low
2026-01-28,26.8,60,0.0,10.4,951.5,0,Low,1.0,16.6,67.0,1,28,Low
2026-01-29,27.9,57,0.0,13.0,950.6,3,Low,0.0,10.4,60.0,1,29,Low
2026-01-30,28.8,62,0.0,13.9,950.8,3,Low,0.0,13.0,57.0,1,30,Low
2026-01-31,29.2,61,0.0,12.3,950.9,3,Low,0.0,13.9,62.0,1,31,Low
2026-02-01,28.7,57,0.0,11.6,951.3,2,Low,0.0,12.3,61.0,2,32,Low
2026-02-02,28.5,46,0.0,12.4,951.3,3,Low,0.0,11.6,57.0,2,33,Low
2026-02-03,28.8,48,0.0,11.7,951.1,1,Low,0.0,12.4,46.0,2,34,Low
2026-02-04,28.7,51,0.0,12.9,951.6,1,Low,0.0,11.7,48.0,2,35,Low
2026-02-05,28.8,48,0.0,12.2,952.4,2,Low,0.0,12.9,51.0,2,36,Low
2026-02-06,28.6,46,0.0,10.9,952.7,0,Low,0.0,12.2,48.0,2,37,Low
2026-02-07,28.9,47,0.0,11.8,951.4,0,Low,0.0,10.9,46.0,2,38,Low
2026-02-08,29.3,48,0.0,10.9,949.9,0,Low,0.0,11.8,47.0,2,39,Low
2026-02-09,30.7,48,0.0,14.5,949.0,0,Low,0.0,10.9,48.0,2,40,Low
2026-02-10,30.6,49,0.0,16.9,949.7,2,Low,0.0,14.5,48.0,2,41,Low
2026-02-11,30.5,47,0.0,12.2,951.3,3,Low,0.0,16.9,49.0,2,42,Low
2026-02-12,30.8,41,0.0,12.8,950.8,0,Low,0.0,12.2,47.0,2,43,Low
2026-02-13,30.8,44,0.0,10.7,949.8,3,Low,0.0,12.8,41.0,2,44,Low
2026-02-14,30.6,43,0.0,11.4,949.2,3,Low,0.0,10.7,44.0,2,45,Low
2026-02-15,30.9,42,0.0,11.1,949.3,0,Low,0.0,11.4,43.0,2,46,Low
2026-02-16,31.0,43,0.0,12.7,947.6,3,Low,0.0,11.1,42.0,2,47,Low
2026-02-17,30.4,48,0.0,13.2,947.2,1,Low,0.0,12.7,43.0,2,48,Low
2026-02-18,30.0,55,0.0,15.6,947.2,1,Low,0.0,13.2,48.0,2,49,Low
2026-02-19,30.3,54,0.0,12.8,948.2,2,Low,0.0,15.6,55.0,2,50,Low
2026-02-20,32.2,48,0.0,13.6,949.2,1,Low,0.0,12.8,54.0,2,51,Low
2026-02-21,32.7,46,0.0,12.1,947.8,3,Low,0.0,13.6,48.0,2,52,Low
2026-02-22,32.4,37,0.0,13.9,945.7,2,Low,0.0,12.1,46.0,2,53,Low
2026-02-23,31.6,34,0.0,13.3,945.2,3,Low,0.0,13.9,37.0,2,54,Low
2026-02-24,31.9,35,0.0,18.5,946.3,3,Low,0.0,13.3,34.0,2,55,Low
2026-02-25,31.9,39,0.0,18.6,947.8,3,Low,0.0,18.5,35.0,2,56,Low
2026-02-26,31.1,49,0.0,14.4,947.2,0,Low,0.0,18.6,39.0,2,57,Low
2026-02-27,29.0,56,0.0,16.2,945.7,1,Low,0.0,14.4,49.0,2,58,Low
2026-02-28,29.1,58,0.0,14.8,945.1,0,Low,0.0,16.2,56.0,2,59,Low
2026-03-01,32.0,52,0.0,12.6,946.2,0,Low,0.0,14.8,58.0,3,60,Low
2026-03-02,33.4,53,0.0,16.0,948.0,0,Low,0.0,12.6,52.0,3,61,Low
2026-03-03,33.8,40,0.0,11.4,949.0,0,Low,0.0,16.0,53.0,3,62,Low
2026-03-04,34.7,34,0.0,9.4,949.6,0,Low,0.0,11.4,40.0,3,63,Low
2026-03-05,34.9,31,0.0,19.4,948.9,0,Low,0.0,9.4,34.0,3,64,Low
2026-03-06,34.6,32,0.0,16.7,947.6,0,Low,0.0,19.4,31.0,3,65,Low
2026-03-07,35.5,34,0.0,17.4,947.6,0,Low,0.0,16.7,32.0,3,66,Low
2026-03-08,36.7,27,0.0,14.8,948.2,0,Low,0.0,17.4,34.0,3,67,Low
2026-03-09,36.1,24,0.0,17.0,948.5,0,Low,0.0,14.8,27.0,3,68,Low
2026-03-10,36.4,24,0.0,11.0,949.5,2,Low,0.0,17.0,24.0,3,69,Low
2026-03-11,36.1,26,0.0,17.1,949.3,0,Low,0.0,11.0,24.0,3,70,Low
2026-03-12,36.8,24,0.0,18.0,947.4,0,Low,0.0,17.1,26.0,3,71,Low
2026-03-13,36.1,23,0.0,22.9,946.4,0,Low,0.0,18.0,24.0,3,72,Low
2026-03-14,35.2,25,0.0,16.7,947.2,0,Low,0.0,22.9,23.0,3,73,Low
2026-03-15,33.7,31,0.0,16.0,947.6,0,Low,0.0,16.7,25.0,3,74,Low
2026-03-16,32.9,43,0.0,14.1,946.5,2,Low,0.0,16.0,31.0,3,75,Low
2026-03-17,33.6,42,0.0,17.9,946.1,0,Low,0.0,14.1,43.0,3,76,Low
2026-03-18,33.7,47,0.0,16.0,946.9,3,Low,0.0,17.9,42.0,3,77,Low
2026-03-19,31.4,51,0.0,18.0,948.3,3,Low,0.0,16.0,47.0,3,78,Low
2026-03-20,30.7,53,0.0,17.6,947.3,3,Low,0.0,18.0,51.0,3,79,Low
2026-03-21,31.9,37,0.0,12.4,947.7,0,Low,0.0,17.6,53.0,3,80,Low
2026-03-22,33.1,31,0.0,16.3,948.4,3,Low,0.0,12.4,37.0,3,81,Low
2026-03-23,34.7,32,0.0,17.4,947.7,3,Low,0.0,16.3,31.0,3,82,Low
2026-03-24,35.2,32,0.0,15.7,946.9,3,Low,0.0,17.4,32.0,3,83,Low
2026-03-25,34.5,34,0.0,14.3,947.2,3,Low,0.0,15.7,32.0,3,84,Low
2026-03-26,36.1,36,0.0,14.0,948.4,2,Low,0.0,14.3,34.0,3,85,Low
2026-03-27,36.2,28,0.0,19.6,947.5,1,Low,0.0,14.0,36.0,3,86,Low
2026-03-28,35.4,37,0.0,21.1,945.4,3,Low,0.0,19.6,28.0,3,87,Medium
2026-03-29,33.7,56,0.1,16.0,945.9,51,Medium,0.0,21.1,37.0,3,88,Medium
2026-03-30,34.9,49,0.1,15.0,946.0,51,Medium,0.1,16.0,56.0,3,89,Low
2026-03-31,33.7,52,0.0,13.2,946.7,1,Low,0.1,15.0,49.0,3,90,Low
2026-04-01,34.2,55,0.0,16.9,946.7,3,Low,0.0,13.2,52.0,4,91,Medium
2026-04-02,34.3,63,2.2,17.7,947.9,61,Medium,0.0,16.9,55.0,4,92,Low
2026-04-03,33.4,58,0.0,16.4,947.4,3,Low,2.2,17.7,63.0,4,93,Medium
2026-04-04,30.5,62,0.1,16.2,947.0,51,Medium,0.0,16.4,58.0,4,94,Low
2026-04-05,31.4,57,0.0,16.5,946.9,3,Low,0.1,16.2,62.0,4,95,Low
2026-04-06,31.3,61,0.0,19.6,947.5,1,Low,0.0,16.5,57.0,4,96,Low
2026-04-07,31.9,59,0.0,18.6,947.7,2,Low,0.0,19.6,61.0,4,97,Medium
2026-04-08,32.4,65,0.1,22.6,946.7,51,Medium,0.0,18.6,59.0,4,98,Low
2026-04-09,32.2,55,0.0,15.0,948.3,3,Low,0.1,22.6,65.0,4,99,Low
2026-04-10,35.4,34,0.0,9.9,948.7,0,Low,0.0,15.0,55.0,4,100,Low
2026-04-11,38.5,36,0.0,19.2,947.9,2,Low,0.0,9.9,34.0,4,101,Low
2026-04-12,38.9,32,0.0,16.5,945.8,0,Low,0.0,19.2,36.0,4,102,Low
2026-04-13,38.0,37,0.0,16.7,946.7,0,Low,0.0,16.5,32.0,4,103,Low
2026-04-14,38.2,37,0.0,16.7,946.9,0,Low,0.0,16.7,37.0,4,104,Low
2026-04-15,38.1,29,0.0,18.7,944.9,0,Low,0.0,16.7,37.0,4,105,Low
2026-04-16,37.2,29,0.0,15.2,944.9,0,Low,0.0,18.7,29.0,4,106,Low
2026-04-17,38.0,32,0.0,15.9,946.1,3,Low,0.0,15.2,29.0,4,107,Low
2026-04-18,39.5,25,0.0,16.5,946.1,3,Low,0.0,15.9,32.0,4,108,Low
2026-04-19,39.0,31,0.0,18.6,945.8,2,Low,0.0,16.5,25.0,4,109,Low
2026-04-20,38.6,31,0.0,16.6,945.8,2,Low,0.0,18.6,31.0,4,110,Low
2026-04-21,38.5,31,0.0,18.5,945.5,2,Low,0.0,16.6,31.0,4,111,Low
2026-04-22,38.2,28,0.0,17.2,945.7,3,Low,0.0,18.5,31.0,4,112,Low
2026-04-23,38.7,28,0.0,16.8,945.4,3,Low,0.0,17.2,28.0,4,113,Low
2026-04-24,38.1,28,0.0,17.0,945.5,3,Low,0.0,16.8,28.0,4,114,Low
2026-04-25,40.4,25,0.0,17.9,945.9,3,Low,0.0,17.0,28.0,4,115,Low
2026-04-26,40.3,20,0.0,18.1,945.2,2,Low,0.0,17.9,25.0,4,116,Low
2026-04-27,38.7,39,0.0,18.1,944.2,2,Low,0.0,18.1,20.0,4,117,Low
2026-04-28,38.5,35,0.0,18.8,944.3,0,Low,0.0,18.1,39.0,4,118,Low
2026-04-29,37.9,34,0.0,19.2,944.4,1,Low,0.0,18.8,35.0,4,119,Low
2026-04-30,36.5,44,0.0,23.1,945.1,0,Low,0.0,19.2,34.0,4,120,Low
2026-05-01,35.5,61,0.0,21.8,945.0,0,Low,0.0,23.1,44.0,5,121,Low
2026-05-02,36.2,62,0.0,19.8,944.1,1,Low,0.0,21.8,61.0,5,122,Low
2026-05-03,36.2,58,0.0,21.4,944.2,1,Low,0.0,19.8,62.0,5,123,Low
2026-05-04,35.3,62,0.0,19.7,943.9,1,Low,0.0,21.4,58.0,5,124,Low
2026-05-05,35.9,60,0.0,16.5,945.5,1,Low,0.0,19.7,62.0,5,125,Low
2026-05-06,35.9,54,0.0,17.2,945.0,1,Low,0.0,16.5,60.0,5,126,Low
2026-05-07,37.1,43,0.0,12.2,944.5,3,Low,0.0,17.2,54.0,5,127,Low
2026-05-08,37.6,42,0.0,20.7,945.2,2,Low,0.0,12.2,43.0,5,128,Low
2026-05-09,39.1,28,0.0,21.7,945.5,3,Low,0.0,20.7,42.0,5,129,Low
2026-05-10,40.5,29,0.0,19.7,944.3,3,Low,0.0,21.7,28.0,5,130,Low
2026-05-11,41.2,25,0.0,24.2,943.7,3,Low,0.0,19.7,29.0,5,131,Low
2026-05-12,40.9,30,0.0,23.6,942.9,3,Low,0.0,24.2,25.0,5,132,Medium
2026-05-13,39.0,41,0.5,17.1,942.4,51,Medium,0.0,23.6,30.0,5,133,Low
2026-05-14,38.0,46,0.0,16.3,942.1,3,Low,0.5,17.1,41.0,5,134,Low
2026-05-15,36.2,46,0.0,20.0,943.1,3,Low,0.0,16.3,46.0,5,135,Low
2026-05-16,37.6,54,0.0,17.5,942.9,3,Low,0.0,20.0,46.0,5,136,Low
2026-05-17,37.7,39,0.0,17.0,943.5,2,Low,0.0,17.5,54.0,5,137,Low
2026-05-18,39.2,39,0.0,20.4,942.9,3,Low,0.0,17.0,39.0,5,138,Medium
2026-05-19,37.0,46,0.1,16.5,943.6,51,Medium,0.0,20.4,39.0,5,139,Medium
2026-05-20,36.0,62,1.3,14.9,943.9,51,Medium,0.1,16.5,46.0,5,140,Medium
2026-05-21,35.4,61,0.3,13.7,944.2,51,Medium,1.3,14.9,62.0,5,141,Medium
2026-05-22,36.7,63,1.2,15.6,946.3,51,Medium,0.3,13.7,61.0,5,142,Medium
2026-05-23,34.7,67,4.0,17.8,947.0,61,Medium,1.2,15.6,63.0,5,143,Medium
2026-05-24,33.6,71,4.3,18.6,947.3,61,Medium,4.0,17.8,67.0,5,144,Medium
2026-05-25,34.5,71,8.2,16.6,946.1,63,Medium,4.3,18.6,71.0,5,145,Medium
2026-05-26,34.8,68,0.1,15.1,946.1,51,Medium,8.2,16.6,71.0,5,146,Low
2026-05-27,36.1,64,0.0,16.8,946.8,3,Low,0.1,15.1,68.0,5,147,Low
2026-05-28,35.8,64,0.0,17.4,946.5,1,Low,0.0,16.8,64.0,5,148,Low
2026-05-29,35.5,65,0.0,22.4,945.7,1,Low,0.0,17.4,64.0,5,149,Medium
2026-05-30,35.1,66,0.1,21.7,945.0,51,Medium,0.0,22.4,65.0,5,150,Medium
2026-05-31,34.6,66,1.8,20.4,946.5,53,Medium,0.1,21.7,66.0,5,151,Medium
2026-06-01,35.6,64,0.1,18.8,946.4,51,Medium,1.8,20.4,66.0,6,152,Medium
2026-06-02,35.0,66,2.0,24.0,945.4,55,Medium,0.1,18.8,64.0,6,153,Medium
2026-06-03,35.4,67,3.2,17.4,943.6,61,Medium,2.0,24.0,66.0,6,154,Medium
2026-06-04,34.8,68,4.8,17.9,942.7,61,Medium,3.2,17.4,67.0,6,155,Medium
2026-06-05,34.7,67,0.5,20.2,942.8,51,Medium,4.8,17.9,68.0,6,156,Medium
2026-06-06,35.4,63,0.1,17.8,943.8,51,Medium,0.5,20.2,67.0,6,157,Low
2026-06-07,35.1,63,0.0,18.9,944.6,3,Low,0.1,17.8,63.0,6,158,Medium
2026-06-08,34.1,64,0.3,20.9,944.1,51,Medium,0.0,18.9,63.0,6,159,Low
2026-06-09,34.4,66,0.0,21.7,943.6,3,Low,0.3,20.9,64.0,6,160,Medium
2026-06-10,35.0,66,0.1,22.1,943.7,51,Medium,0.0,21.7,66.0,6,161,Low
2026-06-11,34.9,67,0.0,21.2,943.2,3,Low,0.1,22.1,66.0,6,162,Medium
2026-06-12,34.9,68,0.1,22.7,944.0,51,Medium,0.0,21.2,67.0,6,163,Medium
2026-06-13,34.5,67,0.4,22.7,945.3,51,Medium,0.1,22.7,68.0,6,164,Medium
2026-06-14,34.3,65,0.7,24.2,945.3,53,Medium,0.4,22.7,67.0,6,165,Medium
2026-06-15,33.8,65,0.7,23.4,945.2,53,Medium,0.7,24.2,65.0,6,166,Medium
2026-06-16,34.1,63,0.4,20.2,945.4,51,Medium,0.7,23.4,65.0,6,167,Medium
2026-06-17,33.9,64,0.1,20.9,945.9,51,Medium,0.4,20.2,63.0,6,168,Medium
2026-06-18,33.3,62,0.4,19.1,945.5,51,Medium,0.1,20.9,64.0,6,169,Medium
2026-06-19,33.7,61,0.2,18.8,945.4,51,Medium,0.4,19.1,62.0,6,170,Medium
2026-06-20,34.3,63,2.2,19.8,945.6,61,Medium,0.2,18.8,61.0,6,171,Medium
2026-06-21,34.5,64,3.2,14.5,944.7,55,Medium,2.2,19.8,63.0,6,172,Medium
2026-06-22,31.0,76,9.8,15.5,943.9,63,Medium,3.2,14.5,64.0,6,173,Medium
2026-06-23,30.1,84,11.0,13.9,942.6,63,Medium,9.8,15.5,76.0,6,174,Medium
2026-06-24,26.7,84,2.5,17.8,942.5,55,Medium,11.0,13.9,84.0,6,175,Medium
2026-06-25,29.9,77,2.8,19.4,943.2,53,Medium,2.5,17.8,84.0,6,176,Medium
2026-06-26,31.3,77,0.9,18.3,943.9,51,Medium,2.8,19.4,77.0,6,177,Medium
2026-06-27,32.0,74,0.2,13.0,943.3,51,Medium,0.9,18.3,77.0,6,178,Medium
2026-06-28,31.7,77,0.6,16.8,942.3,51,Medium,0.2,13.0,74.0,6,179,Medium
2026-06-29,29.3,80,1.2,19.1,941.8,51,Medium,0.6,16.8,77.0,6,180,Medium
2026-06-30,28.0,87,7.2,21.7,941.8,61,Medium,1.2,19.1,80.0,6,181,High
2026-07-01,26.8,93,27.3,18.2,940.6,63,High,7.2,21.7,87.0,7,182,Medium
2026-07-02,26.9,92,10.5,25.1,941.1,61,Medium,27.3,18.2,93.0,7,183,Medium
2026-07-03,24.7,95,13.6,21.3,941.3,61,Medium,10.5,25.1,92.0,7,184,High
2026-07-04,24.8,95,21.6,18.2,939.1,61,High,13.6,21.3,95.0,7,185,Medium
2026-07-05,27.4,90,13.8,21.8,936.4,63,Medium,21.6,18.2,95.0,7,186,High
2026-07-06,25.4,95,42.1,21.8,936.0,63,High,13.8,21.8,90.0,7,187,High
2026-07-07,24.5,96,92.7,20.3,936.8,65,High,42.1,21.8,95.0,7,188,High
2026-07-08,26.1,93,27.0,23.6,939.1,63,High,92.7,20.3,96.0,7,189,Medium
2026-07-09,28.6,85,1.2,23.9,942.3,51,Medium,27.0,23.6,93.0,7,190,Medium
2026-07-10,29.0,81,0.7,24.0,944.4,51,Medium,1.2,23.9,85.0,7,191,Medium
2026-07-11,29.1,81,0.1,28.8,943.5,51,Medium,0.7,24.0,81.0,7,192,Medium
2026-07-12,29.7,81,0.1,29.7,941.8,51,Medium,0.1,28.8,81.0,7,193,Low
2026-07-13,29.4,79,0.0,26.7,943.0,3,Low,0.1,29.7,81.0,7,194,Medium
2026-07-14,29.1,79,0.2,23.0,944.0,51,Medium,0.0,26.7,79.0,7,195,Medium
2026-07-15,28.1,84,1.8,20.2,944.2,53,Medium,0.2,23.0,79.0,7,196,Medium
2026-07-16,28.3,83,1.2,18.0,944.4,53,Medium,1.8,20.2,84.0,7,197,Medium
2026-07-17,27.3,90,16.9,19.9,943.9,65,Medium,1.2,18.0,83.0,7,198,Medium
2026-07-18,26.6,88,8.3,19.8,943.5,63,Medium,16.9,19.9,90.0,7,199,Medium
2026-07-19,26.0,92,16.9,16.4,942.9,65,Medium,8.3,19.8,88.0,7,200,Medium
2026-07-20,26.0,91,10.7,23.3,942.6,61,Medium,16.9,16.4,92.0,7,201,Medium
2026-07-21,26.0,92,13.9,24.2,941.8,63,Medium,10.7,23.3,91.0,7,202,High
2026-07-22,24.7,94,53.6,33.6,939.9,63,High,13.9,24.2,92.0,7,203,High
2026-07-23,24.1,95,98.1,37.2,938.1,65,High,53.6,33.6,94.0,7,204,High
2026-07-24,25.5,92,23.4,28.9,939.3,63,High,98.1,37.2,95.0,7,205,Medium
2026-07-25,26.6,91,8.8,23.9,940.8,61,Medium,23.4,28.9,92.0,7,206,Medium
2026-07-26,26.6,91,7.2,19.9,941.7,61,Medium,8.8,23.9,91.0,7,207,Medium
2026-07-27,27.1,89,7.7,23.8,940.7,61,Medium,7.2,19.9,91.0,7,208,Medium
2026-07-28,27.0,86,1.8,23.9,940.1,51,Medium,7.7,23.8,89.0,7,209,Medium
2026-07-29,26.4,89,4.8,24.8,939.4,53,Medium,1.8,23.9,86.0,7,210,Medium
2026-07-30,26.0,90,5.3,19.2,937.4,61,Medium,4.8,24.8,89.0,7,211,High
2026-07-31,23.5,95,37.2,22.5,935.2,63,High,5.3,19.2,90.0,7,212,Medium
2026-08-01,25.3,92,10.7,25.9,937.6,61,Medium,37.2,22.5,95.0,8,213,Medium
2026-08-02,26.4,90,7.4,23.1,940.9,61,Medium,10.7,25.9,92.0,8,214,Medium
2026-08-03,27.5,88,5.1,20.6,942.6,53,Medium,7.4,23.1,90.0,8,215,Medium
2026-08-04,28.0,87,4.9,20.8,943.5,53,Medium,5.1,20.6,88.0,8,216,Medium
2026-08-05,26.7,87,3.9,19.5,942.0,53,Medium,4.9,20.8,87.0,8,217,Medium
2026-08-06,28.1,85,2.1,23.9,941.4,53,Medium,3.9,19.5,87.0,8,218,Medium
2026-08-07,27.6,84,1.0,25.1,941.6,51,Medium,2.1,23.9,85.0,8,219,Medium
2026-08-08,27.4,85,2.0,22.7,942.1,51,Medium,1.0,25.1,84.0,8,220,Medium
2026-08-09,27.0,85,3.1,21.6,943.0,53,Medium,2.0,22.7,85.0,8,221,Medium
2026-08-10,27.2,85,1.8,22.5,942.3,53,Medium,3.1,21.6,85.0,8,222,Medium
2026-08-11,26.3,88,4.1,18.4,941.2,55,Medium,1.8,22.5,85.0,8,223,Medium
2026-08-12,27.0,86,1.2,21.6,942.4,51,Medium,4.1,18.4,88.0,8,224,Medium
2026-08-13,26.0,90,4.9,23.4,943.8,53,Medium,1.2,21.6,86.0,8,225,Medium
2026-08-14,27.2,86,2.3,23.0,943.8,53,Medium,4.9,23.4,90.0,8,226,Medium
2026-08-15,26.8,87,3.3,20.4,943.9,53,Medium,2.3,23.0,86.0,8,227,Medium
2026-08-16,27.7,85,1.8,21.6,943.6,51,Medium,3.3,20.4,87.0,8,228,Medium
2026-08-17,25.9,89,4.5,22.1,944.4,53,Medium,1.8,21.6,85.0,8,229,Medium
2026-08-18,27.0,87,4.0,23.8,945.0,53,Medium,4.5,22.1,89.0,8,230,Medium
2026-08-19,27.2,85,2.4,20.6,945.1,53,Medium,4.0,23.8,87.0,8,231,Medium
2026-08-20,27.4,84,1.4,22.3,945.0,51,Medium,2.4,20.6,85.0,8,232,Medium
2026-08-21,27.2,87,5.6,21.4,944.5,61,Medium,1.4,22.3,84.0,8,233,Medium
2026-08-22,26.7,90,3.8,18.2,943.9,61,Medium,5.6,21.4,87.0,8,234,Medium
2026-08-23,28.1,86,1.5,18.5,943.8,51,Medium,3.8,18.2,90.0,8,235,Medium
2026-08-24,28.1,84,1.8,19.0,944.0,55,Medium,1.5,18.5,86.0,8,236,Medium
2026-08-25,27.6,84,2.8,20.6,944.3,53,Medium,1.8,19.0,84.0,8,237,Medium
2026-08-26,27.9,82,0.2,20.4,945.0,51,Medium,2.8,20.6,84.0,8,238,Medium
2026-08-27,27.5,84,1.1,21.4,944.8,51,Medium,0.2,20.4,82.0,8,239,Medium
2026-08-28,27.5,85,2.3,23.1,944.5,51,Medium,1.1,21.4,84.0,8,240,Medium
2026-08-29,27.4,84,1.2,25.5,944.7,51,Medium,2.3,23.1,85.0,8,241,Medium
2026-08-30,27.9,83,0.7,26.9,945.1,51,Medium,1.2,25.5,84.0,8,242,Medium
